UN_Code,Identifier,ISO2_Code,ISO3_Code,Name_En,Name_Fr,Name_Es,Name_Ar,Name_Cn,Name_Ru,Official_Name_En,Official_Name_Fr,Official_Name_Es,Official_Name_Ar,Official_Name_Cn,Official_Name_Ru,Continent_Group_En,Continent_Group_Fr,Continent_Group_Es,Continent_Group_Ar,Continent_Group_Cn,Continent_Group_Ru,EcoClass_Group_En,EcoClass_Group_Fr,EcoClass_Group_Es,EcoClass_Group_Ar,EcoClass_Group_Cn,EcoClass_Group_Ru,GeoRegion_Group_En,GeoRegion_Group_Fr,GeoRegion_Group_Es,GeoRegion_Group_Ar,GeoRegion_Group_Cn,GeoRegion_Group_Ru
051,1,AM,ARM,Armenia,Arménie,Armenia,???????,????,???????,the Republic of Armenia,la République d'Arménie,la República de Armenia,???????? ???????,???????,?????????? ???????,Asia,Asie,Asia,????,??,????,Upper-middle income countries,Pays à revenu intermédiaire de la tranche supérieure,Países de ingresos medianos altos,??? ?? ??????? ?????? ?? ??????? ???????? ?????,???????,?????? ? ??????? ?????? ???? ????????,Western Asia,Asie occidentale,Asia occidental,???? ????,??,???????? ????
004,2,AF,AFG,Afghanistan,Afghanistan,Afganistán,?????????,???,??????????,The Islamic Republic of Afghanistan,la République islamique d'Afghanistan,la República Islámica del Afganistán,???????? ????????? ?????????,?????????,????????? ?????????? ??????????,Asia,Asie,Asia,????,??,????,Low-income countries,Pays à faible revenu,Países de bajos ingresos,????? ????? ???????,?????(???LIC),?????? ? ?????? ??????? ??????,Southern Asia,Asie méridionale,Asia meridional,???? ????,??,????? ????
008,3,AL,ALB,Albania,Albanie,Albania,???????,?????,???????,the Republic of Albania,la République d'Albanie,la República de Albania,???????? ???????,????????,?????????? ???????,Europe,Europe,Europa,??????,??,??????,Upper-middle income countries,Pays à revenu intermédiaire de la tranche supérieure,Países de ingresos medianos altos,??? ?? ??????? ?????? ?? ??????? ???????? ?????,???????,?????? ? ??????? ?????? ???? ????????,Southern Europe,Europe méridionale,Europa meridional,?????? ????????,??,????? ??????
012,4,DZ,DZA,Algeria,Algérie,Argelia,???????,?????,?????,the People's Democratic Republic of Algeria,la République algérienne démocratique et populaire,la República Argelina Democrática y Popular,?????????? ?????????? ???????????? ????????,????????????,????????? ???????? ??????????????? ??????????,Africa,Afrique,África,???????,??,??????,Lower-middle income countries,Pays à revenu intermédiaire de la tranche inférieure,Países de ingresos medianos bajos,,,,Northern Africa,Afrique septentrionale,África septentrional,??????? ????????,??,???????? ??????
016,5,AS,ASM,American Samoa,Samoa américaines,Samoa Americana,????? ??????????,?????,???????????? ?????,the American Samoa,les Samoa américaines,las Samoa Americanas,????? ??????????,?????,???????????? ?????,Oceania,Océanie,Oceanía,??????????,???,???????,Upper-middle income countries,Pays à revenu intermédiaire de la tranche supérieure,Países de ingresos medianos altos,??? ?? ??????? ?????? ?? ??????? ???????? ?????,???????,?????? ? ??????? ?????? ???? ????????,Polynesia,Polynésie,Polinesia,?????????,?????,?????????
020,6,AD,AND,Andorra,Andorre,Andorra,??????,???,???????,the Principality of Andorra,la Principauté d'Andorre,el Principado de Andorra,????? ??????,?????,????????? ???????,Europe,Europe,Europa,??????,??,??????,High-income countries,Pays à revenu élevé,Países de ingresos altos,,?????,?????? ? ??????? ??????? ??????,Southern Europe,Europe méridionale,Europa meridional,?????? ????????,??,????? ??????
024,7,AO,AGO,Angola,Angola,Angola,??????,???,??????,the Republic of Angola,la République d'Angola,la República de Angola,???????? ??????,??????,?????????? ??????,Africa,Afrique,África,???????,??,??????,Lower-middle income countries,Pays à revenu intermédiaire de la tranche inférieure,Países de ingresos medianos bajos,,,,Middle Africa,Afrique centrale,África central,??? ???????,??,??????????? ??????
028,8,AG,ATG,Antigua and Barbuda,Antigua-et-Barbuda,Antigua y Barbuda,??????? ???????,???????,??????? ? ???????,Antigua and Barbuda,Antigua-et-Barbuda,Antigua y Barbuda,??????? ???????,???????,??????? ? ???????,Americas,Amériques,Américas,??????????,??,???????? ? ????? ???????,High-income countries,Pays à revenu élevé,Países de ingresos altos,,?????,?????? ? ??????? ??????? ??????,Caribbean,Caraïbes,Caribe,????? ????? ????????,???,????????? ???????
032,9,AR,ARG,Argentina,Argentine,Argentina,?????????,???,?????????,the Argentine Republic,la République argentine,la República Argentina,???????? ?????????,??????,???????????? ??????????,Americas,Amériques,Américas,??????????,??,???????? ? ????? ???????,Upper-middle income countries,Pays à revenu intermédiaire de la tranche supérieure,Países de ingresos medianos altos,??? ?? ??????? ?????? ?? ??????? ???????? ?????,???????,?????? ? ??????? ?????? ???? ????????,South America,Amérique du Sud,América del Sur,?????? ????????,???,????? ???????
036,10,AU,AUS,Australia,Australie,Australia,????????,????,?????????,Australia,l'Australie,Australia,????????,????,?????????,Oceania,Océanie,Oceanía,??????????,???,???????,High-income countries,Pays à revenu élevé,Países de ingresos altos,,?????,?????? ? ??????? ??????? ??????,Australia and New Zealand,Australie et Nouvelle-Zélande,Australia y Nueva Zelandia,???????? ??????????,????????,????????? ? ????? ????????
040,11,AT,AUT,Austria,Autriche,Austria,??????,???,???????,the Republic of Austria,la République d'Autriche,la República de Austria,???????? ??????,??????,??????????? ??????????,Europe,Europe,Europa,??????,??,??????,High-income countries,Pays à revenu élevé,Países de ingresos altos,,?????,?????? ? ??????? ??????? ??????,Western Europe,Europe occidentale,Europa occidental,?????? ???????,??,???????? ??????
044,12,BS,BHS,Bahamas,Bahamas,Bahamas,??? ???????,???,????????? ???????,the Commonwealth of the Bahamas,le Commonwealth des Bahamas,el Commonwealth de las Bahamas,??????? ??? ???????,????,??????????? ????????? ????????,Americas,Amériques,Américas,??????????,??,???????? ? ????? ???????,High-income countries,Pays à revenu élevé,Países de ingresos altos,,?????,?????? ? ??????? ??????? ??????,Caribbean,Caraïbes,Caribe,????? ????? ????????,???,????????? ???????
048,13,BH,BHR,Bahrain,Bahreïn,Bahrein,???????,??,???????,the Kingdom of Bahrain,le Royaume de Bahreïn,el Reino de Bahrein,????? ???????,????,??????????? ???????,Asia,Asie,Asia,????,??,????,High-income countries,Pays à revenu élevé,Países de ingresos altos,,?????,?????? ? ??????? ??????? ??????,Western Asia,Asie occidentale,Asia occidental,???? ????,??,???????? ????
052,14,BB,BRB,Barbados,Barbade,Barbados,???????,????,????????,Barbados,la Barbade,Barbados,???????,????,????????,Americas,Amériques,Américas,??????????,??,???????? ? ????? ???????,High-income countries,Pays à revenu élevé,Países de ingresos altos,,?????,?????? ? ??????? ??????? ??????,Caribbean,Caraïbes,Caribe,????? ????? ????????,???,????????? ???????
058,15,,,Belgium-Luxembourg,Belgique-Luxembourg,Belgica-Luxemburgo,,,,,,,,,,Europe,Europe,Europa,??????,??,??????,Countries not classified by World Bank,Pays pas classé par la Banque Mondiale,Países no clasificados por el Banco Mundial,,,,Western Europe,Europe occidentale,Europa occidental,?????? ???????,??,???????? ??????
050,16,BD,BGD,Bangladesh,Bangladesh,Bangladesh,????????,????,?????????,the People's Republic of Bangladesh,la République populaire du Bangladesh,la República Popular de Bangladesh,???????? ???????? ????????,????????,???????? ?????????? ?????????,Asia,Asie,Asia,????,??,????,Lower-middle income countries,Pays à revenu intermédiaire de la tranche inférieure,Países de ingresos medianos bajos,,,,Southern Asia,Asie méridionale,Asia meridional,???? ????,??,????? ????
060,17,BM,BMU,Bermuda,Bermudes,Bermudas,??????,???,?????????? ???????,Bermuda,les Bermudes,Bermudas,??????,???,?????????? ???????,Americas,Amériques,Américas,??????????,??,???????? ? ????? ???????,High-income countries,Pays à revenu élevé,Países de ingresos altos,,?????,?????? ? ??????? ??????? ??????,Northern America,Amérique du Nord,América del Norte,?????? ????????,??,???????? ???????
064,18,BT,BTN,Bhutan,Bhoutan,Bhután,?????,??,?????,the Kingdom of Bhutan,le Royaume du Bhoutan,el Reino de Bhután,????? ?????,????,??????????? ?????,Asia,Asie,Asia,????,??,????,Lower-middle income countries,Pays à revenu intermédiaire de la tranche inférieure,Países de ingresos medianos bajos,,,,Southern Asia,Asie méridionale,Asia meridional,???? ????,??,????? ????
068,19,BO,BOL,Bolivia (Plurinat.State),Bolivie (État plurinat.),Bolivia (Estado Plurin.),??????? (???? ???????? ????????),????,??????? (????????????????? ???????????),the Plurinational State of Bolivia,l'État plurinational de Bolivie,el Estado Plurinacional de Bolivia,???? ??????? ???????? ????????,????????,????????????????? ??????????? ???????,Americas,Amériques,Américas,??????????,??,???????? ? ????? ???????,Lower-middle income countries,Pays à revenu intermédiaire de la tranche inférieure,Países de ingresos medianos bajos,,,,South America,Amérique du Sud,América del Sur,?????? ????????,???,????? ???????
072,20,BW,BWA,Botswana,Botswana,Botswana,????????,????,????????,the Republic of Botswana,la République du Botswana,la República de Botswana,???????? ????????,???????,?????????? ????????,Africa,Afrique,África,???????,??,??????,Upper-middle income countries,Pays à revenu intermédiaire de la tranche supérieure,Países de ingresos medianos altos,??? ?? ??????? ?????? ?? ??????? ???????? ?????,???????,?????? ? ??????? ?????? ???? ????????,Southern Africa,Afrique australe,África austral,?????? ????????,????,????? ????? ??????
076,21,BR,BRA,Brazil,Brésil,Brasil,????????,??,????????,the Federative Republic of Brazil,la République fédérative du Brésil,la República Federativa del Brasil,?????????? ?????????? ???????????,???????,???????????? ?????????? ????????,Americas,Amériques,Américas,??????????,??,???????? ? ????? ???????,Upper-middle income countries,Pays à revenu intermédiaire de la tranche supérieure,Países de ingresos medianos altos,??? ?? ??????? ?????? ?? ??????? ???????? ?????,???????,?????? ? ??????? ?????? ???? ????????,South America,Amérique du Sud,América del Sur,?????? ????????,???,????? ???????
533,22,AW,ABW,Aruba,Aruba,Aruba,??????,????,?????,Aruba,Aruba,Aruba,??????,????,?????,Americas,Amériques,Américas,??????????,??,???????? ? ????? ???????,High-income countries,Pays à revenu élevé,Países de ingresos altos,,?????,?????? ? ??????? ??????? ??????,Caribbean,Caraïbes,Caribe,????? ????? ????????,???,????????? ???????
084,23,BZ,BLZ,Belize,Belize,Belice,????,???,?????,Belize,le Belize,Belice,????,???,?????,Americas,Amériques,Américas,??????????,??,???????? ? ????? ???????,Upper-middle income countries,Pays à revenu intermédiaire de la tranche supérieure,Países de ingresos medianos altos,??? ?? ??????? ?????? ?? ??????? ???????? ?????,???????,?????? ? ??????? ?????? ???? ????????,Central America,Amérique centrale,América central,?????? ??????,???,??????????? ???????
086,24,IO,IOT,British Indian Ocean Ter,Terr. brit. océan Indien,Ter. Brit. Océano Índico,??????? ??????????? ?? ?????? ??????,???????,?????????? ?????????? ? ????????? ??????,British Indian Ocean Territory,Territoire britannique de l'océan Indien,Territorio Británico del Océano Índico,??????? ??????????? ?? ?????? ??????,???????,?????????? ?????????? ? ????????? ??????,Africa,Afrique,África,???????,??,??????,Countries not classified by World Bank,Pays pas classé par la Banque Mondiale,Países no clasificados por el Banco Mundial,,,,Eastern Africa,Afrique orientale,África oriental,??? ???????,??,????????? ??????
090,25,SB,SLB,Solomon Islands,Îles Salomon,Islas Salomón,??? ??????,?????,?????????? ???????,Solomon Islands,les Îles Salomon,las Islas Salomón,??? ??????,?????,?????????? ???????,Oceania,Océanie,Oceanía,??????????,???,???????,Lower-middle income countries,Pays à revenu intermédiaire de la tranche inférieure,Países de ingresos medianos bajos,,,,Melanesia,Mélanésie,Melanesia,?????????,?????,?????????
096,26,BN,BRN,Brunei Darussalam,Brunéi Darussalam,Brunei Darussalam,????? ??? ??????,???????,??????-??????????,Brunei Darussalam,le Brunéi Darussalam,Brunei Darussalam,????? ??? ??????,???????,??????-??????????,Asia,Asie,Asia,????,??,????,High-income countries,Pays à revenu élevé,Países de ingresos altos,,?????,?????? ? ??????? ??????? ??????,South-Eastern Asia,Asie du Sud-Est,Asia sudoriental,???? ???? ????,???,???-????????? ????
100,27,BG,BGR,Bulgaria,Bulgarie,Bulgaria,???????,????,????????,the Republic of Bulgaria,la République de Bulgarie,la República de Bulgaria,???????? ???????,???????,?????????? ????????,Europe,Europe,Europa,??????,??,??????,Upper-middle income countries,Pays à revenu intermédiaire de la tranche supérieure,Países de ingresos medianos altos,??? ?? ??????? ?????? ?? ??????? ???????? ?????,???????,?????? ? ??????? ?????? ???? ????????,Eastern Europe,Europe orientale,Europa oriental,?????? ???????,??,????????? ??????
104,28,MM,MMR,Myanmar,Myanmar,Myanmar,???????,??,??????,the Republic of the Union of Myanmar,République de l'Union du Myanmar,la República de la Unión de Myanmar,???????? ????? ???????,???????,?????????? ???? ??????,Asia,Asie,Asia,????,??,????,Lower-middle income countries,Pays à revenu intermédiaire de la tranche inférieure,Países de ingresos medianos bajos,,,,South-Eastern Asia,Asie du Sud-Est,Asia sudoriental,???? ???? ????,???,???-????????? ????
108,29,BI,BDI,Burundi,Burundi,Burundi,???????,???,???????,the Republic of Burundi,la République du Burundi,la República de Burundi,???????? ???????,??????,?????????? ???????,Africa,Afrique,África,???????,??,??????,Low-income countries,Pays à faible revenu,Países de bajos ingresos,????? ????? ???????,?????(???LIC),?????? ? ?????? ??????? ??????,Eastern Africa,Afrique orientale,África oriental,??? ???????,??,????????? ??????
010,30,AQ,ATA,Antarctica,Antarctique,Antártida,?????????,???,??????????,Antarctica,Antarctique,Antártida,?????????,???,??????????,,,,,,,,,,,,,,,,,,
074,31,BV,BVT,Bouvet Island,Île Bouvet,Isla Bouvet,??? ?????,????,?????? ????,Bouvet Island,Île Bouvet,Isla Bouvet,??? ?????,????,?????? ????,Americas,Amériques,Américas,??????????,??,???????? ? ????? ???????,Countries not classified by World Bank,Pays pas classé par la Banque Mondiale,Países no clasificados por el Banco Mundial,,,,South America,Amérique du Sud,América del Sur,?????? ????????,???,????? ???????
120,32,CM,CMR,Cameroon,Cameroun,Camerún,?????????,???,???????,the Republic of Cameroon,la République du Cameroun,la República del Camerún,???????? ?????????,??????,?????????? ???????,Africa,Afrique,África,???????,??,??????,Lower-middle income countries,Pays à revenu intermédiaire de la tranche inférieure,Países de ingresos medianos bajos,,,,Middle Africa,Afrique centrale,África central,??? ???????,??,??????????? ??????
124,33,CA,CAN,Canada,Canada,Canadá,????,???,??????,Canada,le Canada,el Canadá,????,???,??????,Americas,Amériques,Américas,??????????,??,???????? ? ????? ???????,High-income countries,Pays à revenu élevé,Países de ingresos altos,,?????,?????? ? ??????? ??????? ??????,Northern America,Amérique du Nord,América del Norte,?????? ????????,??,???????? ???????
128,34,,,Canton and Enderbury Is,Îles Canton et Enderbury,Islas Canton y Enderbury,??? ?????? ??????????,?????????,??????? ?????? ? ?????????,the Canton and Enderbury Islands,les Îles Canton et Enderbury,las Islas Canton y Enderbury,??? ?????? ??????????,?????????,??????? ?????? ? ?????????,,,,,,,,,,,,,,,,,,
132,35,CV,CPV,Cabo Verde,Cabo Verde,Cabo Verde,???? ?????,???,????-?????,the Republic of Cabo Verde,la République de Cabo Verde,la República de Cabo Verde,???????? ???? ?????,??????,?????????? ????-?????,Africa,Afrique,África,???????,??,??????,Lower-middle income countries,Pays à revenu intermédiaire de la tranche inférieure,Países de ingresos medianos bajos,,,,Western Africa,Afrique occidentale,África occidental,??? ???????,??,???????? ??????
136,36,KY,CYM,Cayman Islands,Îles Caïmanes,Islas Caimán,??? ??????,????,????????? ???????,the Cayman Islands,les Îles Caïmanes,las Islas Caimán,??? ??????,????,????????? ???????,Americas,Amériques,Américas,??????????,??,???????? ? ????? ???????,High-income countries,Pays à revenu élevé,Países de ingresos altos,,?????,?????? ? ??????? ??????? ??????,Caribbean,Caraïbes,Caribe,????? ????? ????????,???,????????? ???????
140,37,CF,CAF,Central African Republic,Rép. centrafricaine,República Centroafricana,???????? ??????? ??????,?????,????????????????????? ??????????,the Central African Republic,la République centrafricaine,la República Centroafricana,???????? ??????? ??????,?????,????????????????????? ??????????,Africa,Afrique,África,???????,??,??????,Low-income countries,Pays à faible revenu,Países de bajos ingresos,????? ????? ???????,?????(???LIC),?????? ? ?????? ??????? ??????,Middle Africa,Afrique centrale,África central,??? ???????,??,??????????? ??????
144,38,LK,LKA,Sri Lanka,Sri Lanka,Sri Lanka,??? ?????,????,???-?????,the Democratic Socialist Republic of Sri Lanka,la République socialiste démocratique de Sri Lanka,la República Socialista Democrática de Sri Lanka,???????? ??? ????? ??????????? ????????????,?????????????,??????????????? ???????????????? ?????????? ???-?????,Asia,Asie,Asia,????,??,????,Lower-middle income countries,Pays à revenu intermédiaire de la tranche inférieure,Países de ingresos medianos bajos,,,,Southern Asia,Asie méridionale,Asia meridional,???? ????,??,????? ????
148,39,TD,TCD,Chad,Tchad,Chad,????,??,???,the Republic of Chad,la République du Tchad,la República del Chad,???????? ????,?????,?????????? ???,Africa,Afrique,África,???????,??,??????,Low-income countries,Pays à faible revenu,Países de bajos ingresos,????? ????? ???????,?????(???LIC),?????? ? ?????? ??????? ??????,Middle Africa,Afrique centrale,África central,??? ???????,??,??????????? ??????
152,40,CL,CHL,Chile,Chili,Chile,????,??,????,the Republic of Chile,la République du Chili,la República de Chile,???????? ????,?????,?????????? ????,Americas,Amériques,Américas,??????????,??,???????? ? ????? ???????,High-income countries,Pays à revenu élevé,Países de ingresos altos,,?????,?????? ? ??????? ??????? ??????,South America,Amérique du Sud,América del Sur,?????? ????????,???,????? ???????
156,41,CN,CHN,China,Chine,China,?????,??,?????,the People's Republic of China,la République populaire de Chine,la República Popular China,???????? ????? ????????,???????,????????? ???????? ??????????,Asia,Asie,Asia,????,??,????,Upper-middle income countries,Pays à revenu intermédiaire de la tranche supérieure,Países de ingresos medianos altos,??? ?? ??????? ?????? ?? ??????? ???????? ?????,???????,?????? ? ??????? ?????? ???? ????????,Eastern Asia,Asie orientale,Asia oriental,???? ????,??,????????? ????
162,42,CX,CXR,Christmas Island,Île Christmas,Isla de Navidad,??? ???????,???,?????? ?????????,Christmas Island,l'Île Christmas,la Isla de Navidad,??? ???????,???,?????? ?????????,Oceania,Océanie,Oceanía,??????????,???,???????,Countries not classified by World Bank,Pays pas classé par la Banque Mondiale,Países no clasificados por el Banco Mundial,,,,Australia and New Zealand,Australie et Nouvelle-Zélande,Australia y Nueva Zelandia,???????? ??????????,????????,????????? ? ????? ????????
166,43,CC,CCK,Cocos (Keeling) Islands,Îles des Cocos (Keeling),Islas Cocos (Keeling),??? ????? - ?????,????,????????? ??????? (??????),the Cocos (Keeling) Islands,les Îles des Cocos (Keeling),las Islas Cocos (Keeling),??? ????? - ?????,????,????????? ??????? (??????),Oceania,Océanie,Oceanía,??????????,???,???????,Countries not classified by World Bank,Pays pas classé par la Banque Mondiale,Países no clasificados por el Banco Mundial,,,,Australia and New Zealand,Australie et Nouvelle-Zélande,Australia y Nueva Zelandia,???????? ??????????,????????,????????? ? ????? ????????
170,44,CO,COL,Colombia,Colombie,Colombia,????????,????,????????,the Republic of Colombia,la République de Colombie,la República de Colombia,???????? ????????,???????,?????????? ????????,Americas,Amériques,Américas,??????????,??,???????? ? ????? ???????,Upper-middle income countries,Pays à revenu intermédiaire de la tranche supérieure,Países de ingresos medianos altos,??? ?? ??????? ?????? ?? ??????? ???????? ?????,???????,?????? ? ??????? ?????? ???? ????????,South America,Amérique du Sud,América del Sur,?????? ????????,???,????? ???????
174,45,KM,COM,Comoros,Comores,Comoras,??? ?????,???,????????? ???????,the Union of the Comoros,l'Union des Comores,la Unión de las Comoras,????? ??? ?????,?????,???? ????????? ????????,Africa,Afrique,África,???????,??,??????,Lower-middle income countries,Pays à revenu intermédiaire de la tranche inférieure,Países de ingresos medianos bajos,,,,Eastern Africa,Afrique orientale,África oriental,??? ???????,??,????????? ??????
178,46,CG,COG,Congo,Congo,Congo,???????,??,?????,the Republic of the Congo,la République du Congo,la República del Congo,???????? ???????,?????,?????????? ?????,Africa,Afrique,África,???????,??,??????,Lower-middle income countries,Pays à revenu intermédiaire de la tranche inférieure,Países de ingresos medianos bajos,,,,Middle Africa,Afrique centrale,África central,??? ???????,??,??????????? ??????
184,47,CK,COK,Cook Islands,Îles Cook,Islas Cook,??? ???,????,??????? ????,the Cook Islands,les Îles Cook,las Islas Cook,??? ???,????,??????? ????,Oceania,Océanie,Oceanía,??????????,???,???????,Countries not classified by World Bank,Pays pas classé par la Banque Mondiale,Países no clasificados por el Banco Mundial,,,,Polynesia,Polynésie,Polinesia,?????????,?????,?????????
188,48,CR,CRI,Costa Rica,Costa Rica,Costa Rica,?????????,?????,?????-????,the Republic of Costa Rica,la République du Costa Rica,la República de Costa Rica,???????? ?????????,????????,?????????? ?????-????,Americas,Amériques,Américas,??????????,??,???????? ? ????? ???????,Upper-middle income countries,Pays à revenu intermédiaire de la tranche supérieure,Países de ingresos medianos altos,??? ?? ??????? ?????? ?? ??????? ???????? ?????,???????,?????? ? ??????? ?????? ???? ????????,Central America,Amérique centrale,América central,?????? ??????,???,??????????? ???????
192,49,CU,CUB,Cuba,Cuba,Cuba,????,??,????,the Republic of Cuba,la République de Cuba,la República de Cuba,???????? ????,?????,?????????? ????,Americas,Amériques,Américas,??????????,??,???????? ? ????? ???????,Upper-middle income countries,Pays à revenu intermédiaire de la tranche supérieure,Países de ingresos medianos altos,??? ?? ??????? ?????? ?? ??????? ???????? ?????,???????,?????? ? ??????? ?????? ???? ????????,Caribbean,Caraïbes,Caribe,????? ????? ????????,???,????????? ???????
196,50,CY,CYP,Cyprus,Chypre,Chipre,????,????,????,the Republic of Cyprus,la République de Chypre,la República de Chipre,???????? ????,???????,?????????? ????,Asia,Asie,Asia,????,??,????,High-income countries,Pays à revenu élevé,Países de ingresos altos,,?????,?????? ? ??????? ??????? ??????,Western Asia,Asie occidentale,Asia occidental,???? ????,??,???????? ????
200,51,,CSK,Czechoslovakia,Tchécoslovaquie,Checoslovaquia,,,,Czechoslovakia,Tchécoslovaquie,Checoslovaquia,,,,Europe,Europe,Europa,??????,??,??????,Countries not classified by World Bank,Pays pas classé par la Banque Mondiale,Países no clasificados por el Banco Mundial,,,,Eastern Europe,Europe orientale,Europa oriental,?????? ???????,??,????????? ??????
031,52,AZ,AZE,Azerbaijan,Azerbaïdjan,Azerbaiyán,????????,????,???????????,the Republic of Azerbaijan,la République d'Azerbaïdjan,la República de Azerbaiyán,?????????? ?????????????,???????,??????????????? ??????????,Asia,Asie,Asia,????,??,????,Upper-middle income countries,Pays à revenu intermédiaire de la tranche supérieure,Países de ingresos medianos altos,??? ?? ??????? ?????? ?? ??????? ???????? ?????,???????,?????? ? ??????? ?????? ???? ????????,Western Asia,Asie occidentale,Asia occidental,???? ????,??,???????? ????
204,53,BJ,BEN,Benin,Bénin,Benin,???,??,?????,the Republic of Benin,la République du Bénin,la República de Benin,???????? ???,?????,?????????? ?????,Africa,Afrique,África,???????,??,??????,Lower-middle income countries,Pays à revenu intermédiaire de la tranche inférieure,Países de ingresos medianos bajos,,,,Western Africa,Afrique occidentale,África occidental,??? ???????,??,???????? ??????
208,54,DK,DNK,Denmark,Danemark,Dinamarca,????????,??,?????,the Kingdom of Denmark,le Royaume du Danemark,el Reino de Dinamarca,????? ????????,????,??????????? ?????,Europe,Europe,Europa,??????,??,??????,High-income countries,Pays à revenu élevé,Países de ingresos altos,,?????,?????? ? ??????? ??????? ??????,Northern Europe,Europe septentrionale,Europa del Norte,?????? ????????,??,???????? ??????
212,55,DM,DMA,Dominica,Dominique,Dominica,????????,????,????????,the Commonwealth of Dominica,le Commonwealth de la Dominique,el Commonwealth de Dominica,??????? ????????,?????,??????????? ????????,Americas,Amériques,Américas,??????????,??,???????? ? ????? ???????,Upper-middle income countries,Pays à revenu intermédiaire de la tranche supérieure,Países de ingresos medianos altos,??? ?? ??????? ?????? ?? ??????? ???????? ?????,???????,?????? ? ??????? ?????? ???? ????????,Caribbean,Caraïbes,Caribe,????? ????? ????????,???,????????? ???????
214,56,DO,DOM,Dominican Republic,République dominicaine,República Dominicana,?????????? ????????????,???????,????????????? ??????????,the Dominican Republic,la République dominicaine,la República Dominicana,?????????? ????????????,???????,????????????? ??????????,Americas,Amériques,Américas,??????????,??,???????? ? ????? ???????,Upper-middle income countries,Pays à revenu intermédiaire de la tranche supérieure,Países de ingresos medianos altos,??? ?? ??????? ?????? ?? ??????? ???????? ?????,???????,?????? ? ??????? ?????? ???? ????????,Caribbean,Caraïbes,Caribe,????? ????? ????????,???,????????? ???????
112,57,BY,BLR,Belarus,Bélarus,Belarús,???????,????,????????,the Republic of Belarus,la République du Bélarus,la República de Belarús,???????? ???????,???????,?????????? ????????,Europe,Europe,Europa,??????,??,??????,Upper-middle income countries,Pays à revenu intermédiaire de la tranche supérieure,Países de ingresos medianos altos,??? ?? ??????? ?????? ?? ??????? ???????? ?????,???????,?????? ? ??????? ?????? ???? ????????,Eastern Europe,Europe orientale,Europa oriental,?????? ???????,??,????????? ??????
218,58,EC,ECU,Ecuador,Équateur,Ecuador,???????,????,???????,the Republic of Ecuador,la République de l'Équateur,la República del Ecuador,???????? ???????,???????,?????????? ???????,Americas,Amériques,Américas,??????????,??,???????? ? ????? ???????,Upper-middle income countries,Pays à revenu intermédiaire de la tranche supérieure,Países de ingresos medianos altos,??? ?? ??????? ?????? ?? ??????? ???????? ?????,???????,?????? ? ??????? ?????? ???? ????????,South America,Amérique du Sud,América del Sur,?????? ????????,???,????? ???????
818,59,EG,EGY,Egypt,Égypte,Egipto,???,??,??????,the Arab Republic of Egypt,la République arabe d'Égypte,la República Árabe de Egipto,???????? ??? ????????,????????,???????? ?????????? ??????,Africa,Afrique,África,???????,??,??????,Lower-middle income countries,Pays à revenu intermédiaire de la tranche inférieure,Países de ingresos medianos bajos,,,,Northern Africa,Afrique septentrionale,África septentrional,??????? ????????,??,???????? ??????
222,60,SV,SLV,El Salvador,El Salvador,El Salvador,?????????,????,?????????,the Republic of El Salvador,la République d'El Salvador,la República de El Salvador,???????? ?????????,???????,?????????? ???-?????????,Americas,Amériques,Américas,??????????,??,???????? ? ????? ???????,Lower-middle income countries,Pays à revenu intermédiaire de la tranche inférieure,Países de ingresos medianos bajos,,,,Central America,Amérique centrale,América central,?????? ??????,???,??????????? ???????
226,61,GQ,GNQ,Equatorial Guinea,Guinée équatoriale,Guinea Ecuatorial,????? ???????????,?????,?????????????? ??????,the Republic of Equatorial Guinea,la République de Guinée équatoriale,la República de Guinea Ecuatorial,???????? ????? ???????????,????????,?????????? ?????????????? ??????,Africa,Afrique,África,???????,??,??????,Upper-middle income countries,Pays à revenu intermédiaire de la tranche supérieure,Países de ingresos medianos altos,??? ?? ??????? ?????? ?? ??????? ???????? ?????,???????,?????? ? ??????? ?????? ???? ????????,Middle Africa,Afrique centrale,África central,??? ???????,??,??????????? ??????
230,62,,,Ethiopia PDR,Éthiopie RDP,Etiopía RDP,,,,,,,,,,Africa,Afrique,África,???????,??,??????,Countries not classified by World Bank,Pays pas classé par la Banque Mondiale,Países no clasificados por el Banco Mundial,,,,Eastern Africa,Afrique orientale,África oriental,??? ???????,??,????????? ??????
233,63,EE,EST,Estonia,Estonie,Estonia,???????,????,???????,the Republic of Estonia,la République d'Estonie,la República de Estonia,???????? ???????,???????,????????? ??????????,Europe,Europe,Europa,??????,??,??????,High-income countries,Pays à revenu élevé,Países de ingresos altos,,?????,?????? ? ??????? ??????? ??????,Northern Europe,Europe septentrionale,Europa del Norte,?????? ????????,??,???????? ??????
234,64,FO,FRO,Faroe Islands,Îles Féroé,Islas Feroe,??? ?????,????,????????? ???????,the Faroe Islands,les Îles Féroé,las Islas Feroe,??? ?????,????,????????? ???????,Europe,Europe,Europa,??????,??,??????,High-income countries,Pays à revenu élevé,Países de ingresos altos,,?????,?????? ? ??????? ??????? ??????,Northern Europe,Europe septentrionale,Europa del Norte,?????? ????????,??,???????? ??????
238,65,FK,FLK,Falkland Is.(Malvinas),Îles Falkland(Malvinas),Islas Malvinas(Falkland),??? ??????? - ????????,?????,???????????? (???????????) ???????,the Falkland Islands (Malvinas),les Îles Falkland (Malvinas),las Islas Malvinas (Falkland Islands),??? ??????? - ????????,?????(?????),???????????? (???????????) ???????,Americas,Amériques,Américas,??????????,??,???????? ? ????? ???????,Countries not classified by World Bank,Pays pas classé par la Banque Mondiale,Países no clasificados por el Banco Mundial,,,,South America,Amérique du Sud,América del Sur,?????? ????????,???,????? ???????
242,66,FJ,FJI,Fiji,Fidji,Fiji,????,??,?????,the Republic of Fiji,la République des Fidji,la República de Fiji,???????? ????,?????,?????????? ?????,Oceania,Océanie,Oceanía,??????????,???,???????,Upper-middle income countries,Pays à revenu intermédiaire de la tranche supérieure,Países de ingresos medianos altos,??? ?? ??????? ?????? ?? ??????? ???????? ?????,???????,?????? ? ??????? ?????? ???? ????????,Melanesia,Mélanésie,Melanesia,?????????,?????,?????????
246,67,FI,FIN,Finland,Finlande,Finlandia,??????,? ?,?????????,the Republic of Finland,la République de Finlande,la República de Finlandia,???????? ??????,?????,??????????? ??????????,Europe,Europe,Europa,??????,??,??????,High-income countries,Pays à revenu élevé,Países de ingresos altos,,?????,?????? ? ??????? ??????? ??????,Northern Europe,Europe septentrionale,Europa del Norte,?????? ????????,??,???????? ??????
250,68,FR,FRA,France,France,Francia,?????,??,???????,the French Republic,la République française,la República Francesa,?????????? ????????,??????,??????????? ??????????,Europe,Europe,Europa,??????,??,??????,High-income countries,Pays à revenu élevé,Países de ingresos altos,,?????,?????? ? ??????? ??????? ??????,Western Europe,Europe occidentale,Europa occidental,?????? ???????,??,???????? ??????
254,69,GF,GUF,French Guiana,Guyane française,Guayana Francesa,????? ?????????,?????,??????????? ??????,French Guiana,la Guyane française,Guayana francesa,????? ?????????,?????,??????????? ??????,Americas,Amériques,Américas,??????????,??,???????? ? ????? ???????,Countries not classified by World Bank,Pays pas classé par la Banque Mondiale,Países no clasificados por el Banco Mundial,,,,South America,Amérique du Sud,América del Sur,?????? ????????,???,????? ???????
258,70,PF,PYF,French Polynesia,Polynésie française,Polinesia Francesa,????????? ????????,???????,??????????? ?????????,French Polynesia,la Polynésie française,Polinesia Francesa,????????? ????????,???????,??????????? ?????????,Oceania,Océanie,Oceanía,??????????,???,???????,High-income countries,Pays à revenu élevé,Países de ingresos altos,,?????,?????? ? ??????? ??????? ??????,Polynesia,Polynésie,Polinesia,?????????,?????,?????????
260,71,TF,ATF,French Southern Terr,Terres australes fr.,Tierras Australes Fr.,??????? ???????? ????????,??????,??????????? ????? ??????????,the French Southern Territories,les Terres australes françaises,las Tierras Australes Francesas,??????? ???????? ????????,??????,??????????? ????? ??????????,Africa,Afrique,África,???????,??,??????,Countries not classified by World Bank,Pays pas classé par la Banque Mondiale,Países no clasificados por el Banco Mundial,,,,Eastern Africa,Afrique orientale,África oriental,??? ???????,??,????????? ??????
262,72,DJ,DJI,Djibouti,Djibouti,Djibouti,??????,???,???????,the Republic of Djibouti,la République de Djibouti,la República de Djibouti,???????? ??????,??????,?????????? ???????,Africa,Afrique,África,???????,??,??????,Lower-middle income countries,Pays à revenu intermédiaire de la tranche inférieure,Países de ingresos medianos bajos,,,,Eastern Africa,Afrique orientale,África oriental,??? ???????,??,????????? ??????
268,73,GE,GEO,Georgia,Géorgie,Georgia,??????,????,??????,Georgia,la Géorgie,Georgia,??????,????,??????,Asia,Asie,Asia,????,??,????,Upper-middle income countries,Pays à revenu intermédiaire de la tranche supérieure,Países de ingresos medianos altos,??? ?? ??????? ?????? ?? ??????? ???????? ?????,???????,?????? ? ??????? ?????? ???? ????????,Western Asia,Asie occidentale,Asia occidental,???? ????,??,???????? ????
266,74,GA,GAB,Gabon,Gabon,Gabón,?????,??,?????,the Gabonese Republic,la République gabonaise,la República Gabonesa,?????????? ?????????,?????,????????? ??????????,Africa,Afrique,África,???????,??,??????,Upper-middle income countries,Pays à revenu intermédiaire de la tranche supérieure,Países de ingresos medianos altos,??? ?? ??????? ?????? ?? ??????? ???????? ?????,???????,?????? ? ??????? ?????? ???? ????????,Middle Africa,Afrique centrale,África central,??? ???????,??,??????????? ??????
270,75,GM,GMB,Gambia,Gambie,Gambia,??????,???,??????,the Republic of the Gambia,la République de Gambie,la República de Gambia,???????? ??????,??????,?????????? ??????,Africa,Afrique,África,???????,??,??????,Low-income countries,Pays à faible revenu,Países de bajos ingresos,????? ????? ???????,?????(???LIC),?????? ? ?????? ??????? ??????,Western Africa,Afrique occidentale,África occidental,??? ???????,??,???????? ??????
274,76,,,Gaza Strip,Bande de Gaza,Franja de Gaza,???? ???,????,?????? ????,Gaza Strip,Bande de Gaza,Franja de Gaza,???? ???,????,?????? ????,,,,,,,Countries not classified by World Bank,Pays pas classé par la Banque Mondiale,Países no clasificados por el Banco Mundial,,,,,,,,,
278,77,,,"Germany,New Länder","Allemagne,NouveauxLänder","Alemania,Nuevos Länder",,,,,,,,,,Europe,Europe,Europa,??????,??,??????,Countries not classified by World Bank,Pays pas classé par la Banque Mondiale,Países no clasificados por el Banco Mundial,,,,Western Europe,Europe occidentale,Europa occidental,?????? ???????,??,???????? ??????
280,78,,,"Germany, Fed. Rep. of","Allemagne, Rép. féd. d'","Alemania, Rep. Fed. de",,,,,,,,,,Europe,Europe,Europa,??????,??,??????,Countries not classified by World Bank,Pays pas classé par la Banque Mondiale,Países no clasificados por el Banco Mundial,,,,Western Europe,Europe occidentale,Europa occidental,?????? ???????,??,???????? ??????
276,79,DE,DEU,Germany,Allemagne,Alemania,???????,??,????????,the Federal Republic of Germany,la République fédérale d'Allemagne,la República Federal de Alemania,???????? ??????? ?????????,????????,???????????? ?????????? ????????,Europe,Europe,Europa,??????,??,??????,High-income countries,Pays à revenu élevé,Países de ingresos altos,,?????,?????? ? ??????? ??????? ??????,Western Europe,Europe occidentale,Europa occidental,?????? ???????,??,???????? ??????
070,80,BA,BIH,Bosnia and Herzegovina,Bosnie-Herzégovine,Bosnia y Herzegovina,??????? ???????,??????????,?????? ? ???????????,Bosnia and Herzegovina,la Bosnie-Herzégovine,Bosnia y Herzegovina,??????? ???????,??????????,?????? ? ???????????,Europe,Europe,Europa,??????,??,??????,Upper-middle income countries,Pays à revenu intermédiaire de la tranche supérieure,Países de ingresos medianos altos,??? ?? ??????? ?????? ?? ??????? ???????? ?????,???????,?????? ? ??????? ?????? ???? ????????,Southern Europe,Europe méridionale,Europa meridional,?????? ????????,??,????? ??????
288,81,GH,GHA,Ghana,Ghana,Ghana,????,??,????,the Republic of Ghana,la République du Ghana,la República de Ghana,???????? ????,?????,?????????? ????,Africa,Afrique,África,???????,??,??????,Lower-middle income countries,Pays à revenu intermédiaire de la tranche inférieure,Países de ingresos medianos bajos,,,,Western Africa,Afrique occidentale,África occidental,??? ???????,??,???????? ??????
292,82,GI,GIB,Gibraltar,Gibraltar,Gibraltar,??? ????,????,?????????,Gibraltar,Gibraltar,Gibraltar,??? ????,????,?????????,Europe,Europe,Europa,??????,??,??????,High-income countries,Pays à revenu élevé,Países de ingresos altos,,?????,?????? ? ??????? ??????? ??????,Southern Europe,Europe méridionale,Europa meridional,?????? ????????,??,????? ??????
296,83,KI,KIR,Kiribati,Kiribati,Kiribati,???????,????,????????,the Republic of Kiribati,la République de Kiribati,la República de Kiribati,???????? ???????,???????,?????????? ????????,Oceania,Océanie,Oceanía,??????????,???,???????,Lower-middle income countries,Pays à revenu intermédiaire de la tranche inférieure,Países de ingresos medianos bajos,,,,Micronesia,Micronésie,Micronesia,??????????,??????,??????????
300,84,GR,GRC,Greece,Grèce,Grecia,???????,??,??????,the Hellenic Republic,la République hellénique,la República Helénica,?????????? ??????????,?????,????????? ??????????,Europe,Europe,Europa,??????,??,??????,High-income countries,Pays à revenu élevé,Países de ingresos altos,,?????,?????? ? ??????? ??????? ??????,Southern Europe,Europe méridionale,Europa meridional,?????? ????????,??,????? ??????
304,85,GL,GRL,Greenland,Groenland,Groenlandia,????????,???,??????????,Greenland,Groenland,Groenlandia,????????,???,??????????,Americas,Amériques,Américas,??????????,??,???????? ? ????? ???????,High-income countries,Pays à revenu élevé,Países de ingresos altos,,?????,?????? ? ??????? ??????? ??????,Northern America,Amérique du Nord,América del Norte,?????? ????????,??,???????? ???????
308,86,GD,GRD,Grenada,Grenade,Granada,???????,????,???????,Grenada,la Grenade,Granada,???????,????,???????,Americas,Amériques,Américas,??????????,??,???????? ? ????? ???????,Upper-middle income countries,Pays à revenu intermédiaire de la tranche supérieure,Países de ingresos medianos altos,??? ?? ??????? ?????? ?? ??????? ???????? ?????,???????,?????? ? ??????? ?????? ???? ????????,Caribbean,Caraïbes,Caribe,????? ????? ????????,???,????????? ???????
312,87,GP,GLP,Guadeloupe,Guadeloupe,Guadalupe,???????,????,?????????,Guadeloupe,la Guadeloupe,Guadalupe,???????,????,?????????,Americas,Amériques,Américas,??????????,??,???????? ? ????? ???????,Countries not classified by World Bank,Pays pas classé par la Banque Mondiale,Países no clasificados por el Banco Mundial,,,,Caribbean,Caraïbes,Caribe,????? ????? ????????,???,????????? ???????
316,88,GU,GUM,Guam,Guam,Guam,????,??,????,Guam,Guam,Guam,????,??,????,Oceania,Océanie,Oceanía,??????????,???,???????,High-income countries,Pays à revenu élevé,Países de ingresos altos,,?????,?????? ? ??????? ??????? ??????,Micronesia,Micronésie,Micronesia,??????????,??????,??????????
320,89,GT,GTM,Guatemala,Guatemala,Guatemala,?????????,????,?????????,the Republic of Guatemala,la République du Guatemala,la República de Guatemala,???????? ?????????,???????,?????????? ?????????,Americas,Amériques,Américas,??????????,??,???????? ? ????? ???????,Upper-middle income countries,Pays à revenu intermédiaire de la tranche supérieure,Países de ingresos medianos altos,??? ?? ??????? ?????? ?? ??????? ???????? ?????,???????,?????? ? ??????? ?????? ???? ????????,Central America,Amérique centrale,América central,?????? ??????,???,??????????? ???????
324,90,GN,GIN,Guinea,Guinée,Guinea,?????,???,??????,the Republic of Guinea,la République de Guinée,la República de Guinea,???????? ?????,??????,?????????? ??????????,Africa,Afrique,África,???????,??,??????,Low-income countries,Pays à faible revenu,Países de bajos ingresos,????? ????? ???????,?????(???LIC),?????? ? ?????? ??????? ??????,Western Africa,Afrique occidentale,África occidental,??? ???????,??,???????? ??????
328,91,GY,GUY,Guyana,Guyana,Guyana,?????,???,??????,the Co-operative Republic of Guyana,la République coopérative du Guyana,la República Cooperativa de Guyana,???????? ????? ??????????,????????,????????????? ?????????? ??????,Americas,Amériques,Américas,??????????,??,???????? ? ????? ???????,Upper-middle income countries,Pays à revenu intermédiaire de la tranche supérieure,Países de ingresos medianos altos,??? ?? ??????? ?????? ?? ??????? ???????? ?????,???????,?????? ? ??????? ?????? ???? ????????,South America,Amérique du Sud,América del Sur,?????? ????????,???,????? ???????
334,92,HM,HMD,Heard and McDonald Is.,Îles Heard et McDonald,Islas Heard y McDonald,????? ???? ???? ?????????,?????????,??????? ???? ? ??????????,the Heard Island and McDonald Islands,les Îles Heard et McDonald,las Islas Heard y McDonald,????? ???? ???? ?????????,?????????,??????? ???? ? ??????????,Oceania,Océanie,Oceanía,??????????,???,???????,Countries not classified by World Bank,Pays pas classé par la Banque Mondiale,Países no clasificados por el Banco Mundial,,,,Australia and New Zealand,Australie et Nouvelle-Zélande,Australia y Nueva Zelandia,???????? ??????????,????????,????????? ? ????? ????????
332,93,HT,HTI,Haiti,Haïti,Haití,?????,??,?????,the Republic of Haiti,la République d'Haïti,la República de Haití,???????? ?????,?????,?????????? ?????,Americas,Amériques,Américas,??????????,??,???????? ? ????? ???????,Lower-middle income countries,Pays à revenu intermédiaire de la tranche inférieure,Países de ingresos medianos bajos,,,,Caribbean,Caraïbes,Caribe,????? ????? ????????,???,????????? ???????
336,94,VA,VAT,Holy See,Saint-Siège,Santa Sede,?????? ???????,??,?????? ???????,the Holy See,le Saint-Siège,la Santa Sede,?????? ???????,??,?????? ???????,Europe,Europe,Europa,??????,??,??????,Countries not classified by World Bank,Pays pas classé par la Banque Mondiale,Países no clasificados por el Banco Mundial,,,,Southern Europe,Europe méridionale,Europa meridional,?????? ????????,??,????? ??????
340,95,HN,HND,Honduras,Honduras,Honduras,???????,????,????????,the Republic of Honduras,la République du Honduras,la República de Honduras,???????? ???????,???????,?????????? ????????,Americas,Amériques,Américas,??????????,??,???????? ? ????? ???????,Lower-middle income countries,Pays à revenu intermédiaire de la tranche inférieure,Países de ingresos medianos bajos,,,,Central America,Amérique centrale,América central,?????? ??????,???,??????????? ???????
344,96,HK,HKG,"China, Hong Kong SAR",Chine - RAS de Hong-Kong,"China, RAE de Hong Kong",????? - ???? ???? ????? ??????? ????,??????,"?????, ??????????? ???????????????? ????? ???????","China, Hong Kong Special Administrative Region",Chine - Région administrative spéciale de Hong-Kong,"China, Región Administrativa Especial de Hong Kong",????? - ???? ???? ????? ??????? ????,?????????,"?????, ??????????? ???????????????? ????? ???????",Asia,Asie,Asia,????,??,????,High-income countries,Pays à revenu élevé,Países de ingresos altos,,?????,?????? ? ??????? ??????? ??????,Eastern Asia,Asie orientale,Asia oriental,???? ????,??,????????? ????
348,97,HU,HUN,Hungary,Hongrie,Hungría,???????,???,???????,Hungary,la Hongrie,Hungría,???????,???,???????,Europe,Europe,Europa,??????,??,??????,High-income countries,Pays à revenu élevé,Países de ingresos altos,,?????,?????? ? ??????? ??????? ??????,Eastern Europe,Europe orientale,Europa oriental,?????? ???????,??,????????? ??????
191,98,HR,HRV,Croatia,Croatie,Croacia,???????,????,????????,the Republic of Croatia,la République de Croatie,la República de Croacia,???????? ???????,???????,?????????? ????????,Europe,Europe,Europa,??????,??,??????,High-income countries,Pays à revenu élevé,Países de ingresos altos,,?????,?????? ? ??????? ??????? ??????,Southern Europe,Europe méridionale,Europa meridional,?????? ????????,??,????? ??????
352,99,IS,ISL,Iceland,Islande,Islandia,???????,??,????????,Iceland,l'Islande,Islandia,???????,??,????????,Europe,Europe,Europa,??????,??,??????,High-income countries,Pays à revenu élevé,Países de ingresos altos,,?????,?????? ? ??????? ??????? ??????,Northern Europe,Europe septentrionale,Europa del Norte,?????? ????????,??,???????? ??????
356,100,IN,IND,India,Inde,India,?????,??,?????,the Republic of India,la République de l'Inde,la República de la India,???????? ?????,?????,?????????? ?????,Asia,Asie,Asia,????,??,????,Lower-middle income countries,Pays à revenu intermédiaire de la tranche inférieure,Países de ingresos medianos bajos,,,,Southern Asia,Asie méridionale,Asia meridional,???? ????,??,????? ????
360,101,ID,IDN,Indonesia,Indonésie,Indonesia,?????????,?????,?????????,the Republic of Indonesia,la République d'Indonésie,la República de Indonesia,???????? ?????????,????????,?????????? ?????????,Asia,Asie,Asia,????,??,????,Lower-middle income countries,Pays à revenu intermédiaire de la tranche inférieure,Países de ingresos medianos bajos,,,,South-Eastern Asia,Asie du Sud-Est,Asia sudoriental,???? ???? ????,???,???-????????? ????
364,102,IR,IRN,Iran (Islamic Rep. of),Iran (Rép. islamique d'),Irán (Rep. Islámica del),????? (???????? - ?????????),??,???? (????????? ??????????),the Islamic Republic of Iran,la République islamique d'Iran,la República Islámica del Irán,???????? ????? ?????????,????????,????????? ?????????? ????,Asia,Asie,Asia,????,??,????,Lower-middle income countries,Pays à revenu intermédiaire de la tranche inférieure,Países de ingresos medianos bajos,,,,Southern Asia,Asie méridionale,Asia meridional,???? ????,??,????? ????
368,103,IQ,IRQ,Iraq,Iraq,Iraq,??????,???,????,the Republic of Iraq,la République d'Iraq,la República del Iraq,???????? ??????,??????,?????????? ????,Asia,Asie,Asia,????,??,????,Upper-middle income countries,Pays à revenu intermédiaire de la tranche supérieure,Países de ingresos medianos altos,??? ?? ??????? ?????? ?? ??????? ???????? ?????,???????,?????? ? ??????? ?????? ???? ????????,Western Asia,Asie occidentale,Asia occidental,???? ????,??,???????? ????
372,104,IE,IRL,Ireland,Irlande,Irlanda,???????,???,????????,Ireland,l'Irlande,Irlanda,???????,???,????????,Europe,Europe,Europa,??????,??,??????,High-income countries,Pays à revenu élevé,Países de ingresos altos,,?????,?????? ? ??????? ??????? ??????,Northern Europe,Europe septentrionale,Europa del Norte,?????? ????????,??,???????? ??????
376,105,IL,ISR,Israel,Israël,Israel,???????,???,???????,the State of Israel,l'État d'Israël,el Estado de Israel,???? ???????,????,??????????? ???????,Asia,Asie,Asia,????,??,????,High-income countries,Pays à revenu élevé,Países de ingresos altos,,?????,?????? ? ??????? ??????? ??????,Western Asia,Asie occidentale,Asia occidental,???? ????,??,???????? ????
380,106,IT,ITA,Italy,Italie,Italia,???????,???,??????,the Republic of Italy,la République italienne,la República Italiana,?????????? ?????????,??????,??????????? ??????????,Europe,Europe,Europa,??????,??,??????,High-income countries,Pays à revenu élevé,Países de ingresos altos,,?????,?????? ? ??????? ??????? ??????,Southern Europe,Europe méridionale,Europa meridional,?????? ????????,??,????? ??????
384,107,CI,CIV,Côte d'Ivoire,Côte d'Ivoire,Côte d'Ivoire,??? ??????,????,???-?'?????,the Republic of Côte d'Ivoire,la République de Côte d'Ivoire,la República de Côte d'Ivoire,???????? ??? ??????,???????,?????????? ???-?'?????,Africa,Afrique,África,???????,??,??????,Lower-middle income countries,Pays à revenu intermédiaire de la tranche inférieure,Países de ingresos medianos bajos,,,,Western Africa,Afrique occidentale,África occidental,??? ???????,??,???????? ??????
398,108,KZ,KAZ,Kazakhstan,Kazakhstan,Kazajstán,?????????,?????,?????????,the Republic of Kazakhstan,la République du Kazakhstan,la República de Kazajstán,???????? ?????????,????????,?????????? ?????????,Asia,Asie,Asia,????,??,????,Upper-middle income countries,Pays à revenu intermédiaire de la tranche supérieure,Países de ingresos medianos altos,??? ?? ??????? ?????? ?? ??????? ???????? ?????,???????,?????? ? ??????? ?????? ???? ????????,Central Asia,Asie centrale,Asia central,???? ??????,??,??????????? ????
388,109,JM,JAM,Jamaica,Jamaïque,Jamaica,???????,???,??????,Jamaica,la Jamaïque,Jamaica,???????,???,??????,Americas,Amériques,Américas,??????????,??,???????? ? ????? ???????,Upper-middle income countries,Pays à revenu intermédiaire de la tranche supérieure,Países de ingresos medianos altos,??? ?? ??????? ?????? ?? ??????? ???????? ?????,???????,?????? ? ??????? ?????? ???? ????????,Caribbean,Caraïbes,Caribe,????? ????? ????????,???,????????? ???????
392,110,JP,JPN,Japan,Japon,Japón,???????,??,??????,Japan,le Japon,el Japón,???????,???,??????,Asia,Asie,Asia,????,??,????,High-income countries,Pays à revenu élevé,Países de ingresos altos,,?????,?????? ? ??????? ??????? ??????,Eastern Asia,Asie orientale,Asia oriental,???? ????,??,????????? ????
396,111,JT,JTN,Johnston Island,Île Johnston,Isla de Johnston,????? ???????,?????,?????? ????????,Johnston Island,Île Johnston,Isla de Johnston,????? ???????,?????,?????? ????????,,,,,,,,,,,,,,,,,,
400,112,JO,JOR,Jordan,Jordanie,Jordania,??????,??,????????,the Hashemite Kingdom of Jordan,le Royaume hachémite de Jordanie,el Reino Hachemita de Jordania,??????? ????????? ?????????,???????,?????????? ??????????? ???????????,Asia,Asie,Asia,????,??,????,Upper-middle income countries,Pays à revenu intermédiaire de la tranche supérieure,Países de ingresos medianos altos,??? ?? ??????? ?????? ?? ??????? ???????? ?????,???????,?????? ? ??????? ?????? ???? ????????,Western Asia,Asie occidentale,Asia occidental,???? ????,??,???????? ????
417,113,KG,KGZ,Kyrgyzstan,Kirghizistan,Kirguistán,??????????,??????,??????????,the Kyrgyz Republic,la République kirghize,la República Kirguisa,???????? ????????,???????,?????????? ??????????,Asia,Asie,Asia,????,??,????,Lower-middle income countries,Pays à revenu intermédiaire de la tranche inférieure,Países de ingresos medianos bajos,,,,Central Asia,Asie centrale,Asia central,???? ??????,??,??????????? ????
404,114,KE,KEN,Kenya,Kenya,Kenya,?????,???,?????,the Republic of Kenya,la République du Kenya,la República de Kenya,???????? ?????,??????,?????????? ?????,Africa,Afrique,África,???????,??,??????,Lower-middle income countries,Pays à revenu intermédiaire de la tranche inférieure,Países de ingresos medianos bajos,,,,Eastern Africa,Afrique orientale,África oriental,??? ???????,??,????????? ??????
116,115,KH,KHM,Cambodia,Cambodge,Camboya,???????,???,????????,the Kingdom of Cambodia,le Royaume du Cambodge,el Reino de Camboya,????? ???????,?????,??????????? ????????,Asia,Asie,Asia,????,??,????,Lower-middle income countries,Pays à revenu intermédiaire de la tranche inférieure,Países de ingresos medianos bajos,,,,South-Eastern Asia,Asie du Sud-Est,Asia sudoriental,???? ???? ????,???,???-????????? ????
408,116,KP,PRK,"Korea, Dem. People's Rep",Rép. pop. dém. de Corée,Rep. Pop. Dem. de Corea,??????? ????? ??????? ???????????,???????????,????????? ???????-??????????????? ??????????,the Democratic People's Republic of Korea,la République populaire démocratique de Corée,la República Popular Democrática de Corea,??????? ????? ??????? ???????????,???????????,????????? ???????-??????????????? ??????????,Asia,Asie,Asia,????,??,????,Low-income countries,Pays à faible revenu,Países de bajos ingresos,????? ????? ???????,?????(???LIC),?????? ? ?????? ??????? ??????,Eastern Asia,Asie orientale,Asia oriental,???? ????,??,????????? ????
410,117,KR,KOR,"Korea, Republic of",République de Corée,República de Corea,???????? ?????,????,?????????? ?????,the Republic of Korea,la République de Corée,la República de Corea,???????? ?????,????,?????????? ?????,Asia,Asie,Asia,????,??,????,High-income countries,Pays à revenu élevé,Países de ingresos altos,,?????,?????? ? ??????? ??????? ??????,Eastern Asia,Asie orientale,Asia oriental,???? ????,??,????????? ????
414,118,KW,KWT,Kuwait,Koweït,Kuwait,??????,???,??????,the State of Kuwait,l'État du Koweït,el Estado de Kuwait,???? ??????,????,??????????? ??????,Asia,Asie,Asia,????,??,????,High-income countries,Pays à revenu élevé,Países de ingresos altos,,?????,?????? ? ??????? ??????? ??????,Western Asia,Asie occidentale,Asia occidental,???? ????,??,???????? ????
428,119,LV,LVA,Latvia,Lettonie,Letonia,??????,????,??????,the Republic of Latvia,la République de Lettonie,la República de Letonia,???????? ??????,???????,?????????? ??????????,Europe,Europe,Europa,??????,??,??????,High-income countries,Pays à revenu élevé,Países de ingresos altos,,?????,?????? ? ??????? ??????? ??????,Northern Europe,Europe septentrionale,Europa del Norte,?????? ????????,??,???????? ??????
418,120,LA,LAO,Lao People's Dem. Rep.,Rép. dém. pop. lao,Rep. Dem. Pop. Lao,???????? ??? ??????????? ???????,?????????,???????? ???????-??????????????? ??????????,the Lao People's Democratic Republic,la République démocratique populaire lao,la República Democrática Popular Lao,???????? ??? ??????????? ???????,?????????,???????? ???????-??????????????? ??????????,Asia,Asie,Asia,????,??,????,Lower-middle income countries,Pays à revenu intermédiaire de la tranche inférieure,Países de ingresos medianos bajos,,,,South-Eastern Asia,Asie du Sud-Est,Asia sudoriental,???? ???? ????,???,???-????????? ????
422,121,LB,LBN,Lebanon,Liban,Líbano,?????,???,?????,the Lebanese Republic,la République libanaise,la República libanesa,?????????? ??????????,??????,????????? ??????????,Asia,Asie,Asia,????,??,????,Lower-middle income countries,Pays à revenu intermédiaire de la tranche inférieure,Países de ingresos medianos bajos,,,,Western Asia,Asie occidentale,Asia occidental,???? ????,??,???????? ????
426,122,LS,LSO,Lesotho,Lesotho,Lesotho,??????,???,??????,the Kingdom of Lesotho,le Royaume du Lesotho,el Reino de Lesotho,????? ??????,?????,??????????? ??????,Africa,Afrique,África,???????,??,??????,Lower-middle income countries,Pays à revenu intermédiaire de la tranche inférieure,Países de ingresos medianos bajos,,,,Southern Africa,Afrique australe,África austral,?????? ????????,????,????? ????? ??????
430,123,LR,LBR,Liberia,Libéria,Liberia,??????,????,???????,the Republic of Liberia,la République du Libéria,la República de Liberia,???????? ??????,???????,?????????? ???????,Africa,Afrique,África,???????,??,??????,Low-income countries,Pays à faible revenu,Países de bajos ingresos,????? ????? ???????,?????(???LIC),?????? ? ?????? ??????? ??????,Western Africa,Afrique occidentale,África occidental,??? ???????,??,???????? ??????
434,124,LY,LBY,Libya,Libye,Libia,?????,???,?????,the State of Libya,l'État de Libye,el Estado de Libia,???? ?????,????,??????????? ?????,Africa,Afrique,África,???????,??,??????,Upper-middle income countries,Pays à revenu intermédiaire de la tranche supérieure,Países de ingresos medianos altos,??? ?? ??????? ?????? ?? ??????? ???????? ?????,???????,?????? ? ??????? ?????? ???? ????????,Northern Africa,Afrique septentrionale,África septentrional,??????? ????????,??,???????? ??????
438,125,LI,LIE,Liechtenstein,Liechtenstein,Liechtenstein,??????????,?????,???????????,the Principality of Liechtenstein,la Principauté du Liechtenstein,el Principado de Liechtenstein,????? ??????????,???????,????????? ???????????,Europe,Europe,Europa,??????,??,??????,High-income countries,Pays à revenu élevé,Países de ingresos altos,,?????,?????? ? ??????? ??????? ??????,Western Europe,Europe occidentale,Europa occidental,?????? ???????,??,???????? ??????
440,126,LT,LTU,Lithuania,Lituanie,Lituania,????????,???,?????,the Republic of Lithuania,la République de Lituanie,la República de Lituania,???????? ????????,??????,????????? ??????????,Europe,Europe,Europa,??????,??,??????,High-income countries,Pays à revenu élevé,Países de ingresos altos,,?????,?????? ? ??????? ??????? ??????,Northern Europe,Europe septentrionale,Europa del Norte,?????? ????????,??,???????? ??????
584,127,MH,MHL,Marshall Islands,Îles Marshall,Islas Marshall,??? ??????,?????,?????????? ???????,the Republic of the Marshall Islands,la République des Îles Marshall,la República de las Islas Marshall,???????? ??? ??????,????????,?????????? ?????????? ???????,Oceania,Océanie,Oceanía,??????????,???,???????,Upper-middle income countries,Pays à revenu intermédiaire de la tranche supérieure,Países de ingresos medianos altos,??? ?? ??????? ?????? ?? ??????? ???????? ?????,???????,?????? ? ??????? ?????? ???? ????????,Micronesia,Micronésie,Micronesia,??????????,??????,??????????
446,128,MO,MAC,"China, Macao SAR",Chine - RAS de Macao,"China, RAE de Macao",????? - ???? ????? ??????? ?????,??????,"?????, ??????????? ???????????????? ????? ?????","China, Macao Special Administrative Region",Chine - Région administrative spéciale de Macao,"China, Región Administrativa Especial de Macao",????? - ???? ????? ??????? ?????,?????????,"?????, ??????????? ???????????????? ????? ?????",Asia,Asie,Asia,????,??,????,High-income countries,Pays à revenu élevé,Países de ingresos altos,,?????,?????? ? ??????? ??????? ??????,Eastern Asia,Asie orientale,Asia oriental,???? ????,??,????????? ????
450,129,MG,MDG,Madagascar,Madagascar,Madagascar,??????,?????,??????????,the Republic of Madagascar,la République de Madagascar,la República de Madagascar,???????? ??????,????????,?????????? ??????????,Africa,Afrique,África,???????,??,??????,Low-income countries,Pays à faible revenu,Países de bajos ingresos,????? ????? ???????,?????(???LIC),?????? ? ?????? ??????? ??????,Eastern Africa,Afrique orientale,África oriental,??? ???????,??,????????? ??????
454,130,MW,MWI,Malawi,Malawi,Malawi,?????,???,??????,the Republic of Malawi,la République du Malawi,la República de Malawi,???????? ?????,??????,?????????? ??????,Africa,Afrique,África,???????,??,??????,Low-income countries,Pays à faible revenu,Países de bajos ingresos,????? ????? ???????,?????(???LIC),?????? ? ?????? ??????? ??????,Eastern Africa,Afrique orientale,África oriental,??? ???????,??,????????? ??????
458,131,MY,MYS,Malaysia,Malaisie,Malasia,???????,????,????????,Malaysia,la Malaisie,Malasia,???????,????,????????,Asia,Asie,Asia,????,??,????,Upper-middle income countries,Pays à revenu intermédiaire de la tranche supérieure,Países de ingresos medianos altos,??? ?? ??????? ?????? ?? ??????? ???????? ?????,???????,?????? ? ??????? ?????? ???? ????????,South-Eastern Asia,Asie du Sud-Est,Asia sudoriental,???? ???? ????,???,???-????????? ????
462,132,MV,MDV,Maldives,Maldives,Maldivas,?????,????,??????????? ???????,the Republic of Maldives,la République des Maldives,la República de Maldivas,???????? ?????,???????,??????????? ??????????,Asia,Asie,Asia,????,??,????,Upper-middle income countries,Pays à revenu intermédiaire de la tranche supérieure,Países de ingresos medianos altos,??? ?? ??????? ?????? ?? ??????? ???????? ?????,???????,?????? ? ??????? ?????? ???? ????????,Southern Asia,Asie méridionale,Asia meridional,???? ????,??,????? ????
466,133,ML,MLI,Mali,Mali,Malí,????,??,????,the Republic of Mali,la République du Mali,la República de Malí,???????? ????,?????,?????????? ????,Africa,Afrique,África,???????,??,??????,Low-income countries,Pays à faible revenu,Países de bajos ingresos,????? ????? ???????,?????(???LIC),?????? ? ?????? ??????? ??????,Western Africa,Afrique occidentale,África occidental,??? ???????,??,???????? ??????
470,134,MT,MLT,Malta,Malte,Malta,?????,???,??????,the Republic of Malta,la République de Malte,la República de Malta,???????? ?????,??????,?????????? ??????,Europe,Europe,Europa,??????,??,??????,High-income countries,Pays à revenu élevé,Países de ingresos altos,,?????,?????? ? ??????? ??????? ??????,Southern Europe,Europe méridionale,Europa meridional,?????? ????????,??,????? ??????
474,135,MQ,MTQ,Martinique,Martinique,Martinica,????????,????,?????????,Martinique,la Martinique,Martinica,????????,????,?????????,Americas,Amériques,Américas,??????????,??,???????? ? ????? ???????,Countries not classified by World Bank,Pays pas classé par la Banque Mondiale,Países no clasificados por el Banco Mundial,,,,Caribbean,Caraïbes,Caribe,????? ????? ????????,???,????????? ???????
478,136,MR,MRT,Mauritania,Mauritanie,Mauritania,?????????,?????,??????????,the Islamic Republic of Mauritania,la République islamique de Mauritanie,la República Islámica de Mauritania,?????????? ????????? ???????????,???????????,????????? ?????????? ??????????,Africa,Afrique,África,???????,??,??????,Lower-middle income countries,Pays à revenu intermédiaire de la tranche inférieure,Países de ingresos medianos bajos,,,,Western Africa,Afrique occidentale,África occidental,??? ???????,??,???????? ??????
480,137,MU,MUS,Mauritius,Maurice,Mauricio,????????,????,????????,the Republic of Mauritius,la République de Maurice,la República de Mauricio,???????? ????????,???????,?????????? ????????,Africa,Afrique,África,???????,??,??????,Upper-middle income countries,Pays à revenu intermédiaire de la tranche supérieure,Países de ingresos medianos altos,??? ?? ??????? ?????? ?? ??????? ???????? ?????,???????,?????? ? ??????? ?????? ???? ????????,Eastern Africa,Afrique orientale,África oriental,??? ???????,??,????????? ??????
484,138,MX,MEX,Mexico,Mexique,México,???????,???,???????,the United Mexican States,les États-Unis du Mexique,los Estados Unidos Mexicanos,???????? ??????? ??????????,??????,???????????? ??????????? ?????,Americas,Amériques,Américas,??????????,??,???????? ? ????? ???????,Upper-middle income countries,Pays à revenu intermédiaire de la tranche supérieure,Países de ingresos medianos altos,??? ?? ??????? ?????? ?? ??????? ???????? ?????,???????,?????? ? ??????? ?????? ???? ????????,Central America,Amérique centrale,América central,?????? ??????,???,??????????? ???????
488,139,MI,MID,Midway Islands,"Midway, Îles","Midway, Islas",,,,Midway Island,Île Midway,Islas Midway,,,,,,,,,,,,,,,,,,,,,
492,140,MC,MCO,Monaco,Monaco,Mónaco,??????,???,??????,the Principality of Monaco,la Principauté de Monaco,el Principado de Mónaco,????? ??????,?????,????????? ??????,Europe,Europe,Europa,??????,??,??????,High-income countries,Pays à revenu élevé,Países de ingresos altos,,?????,?????? ? ??????? ??????? ??????,Western Europe,Europe occidentale,Europa occidental,?????? ???????,??,???????? ??????
496,141,MN,MNG,Mongolia,Mongolie,Mongolia,???????,??,????????,Mongolia,la Mongolie,Mongolia,???????,???,????????,Asia,Asie,Asia,????,??,????,Lower-middle income countries,Pays à revenu intermédiaire de la tranche inférieure,Países de ingresos medianos bajos,,,,Eastern Asia,Asie orientale,Asia oriental,???? ????,??,????????? ????
500,142,MS,MSR,Montserrat,Montserrat,Montserrat,??????????,?????,??????????,Montserrat,Montserrat,Montserrat,??????????,?????,??????????,Americas,Amériques,Américas,??????????,??,???????? ? ????? ???????,Countries not classified by World Bank,Pays pas classé par la Banque Mondiale,Países no clasificados por el Banco Mundial,,,,Caribbean,Caraïbes,Caribe,????? ????? ????????,???,????????? ???????
504,143,MA,MAR,Morocco,Maroc,Marruecos,??????,???,???????,the Kingdom of Morocco,le Royaume du Maroc,el Reino de Marruecos,??????? ?????????,?????,??????????? ???????,Africa,Afrique,África,???????,??,??????,Lower-middle income countries,Pays à revenu intermédiaire de la tranche inférieure,Países de ingresos medianos bajos,,,,Northern Africa,Afrique septentrionale,África septentrional,??????? ????????,??,???????? ??????
508,144,MZ,MOZ,Mozambique,Mozambique,Mozambique,????????,????,????????,the Republic of Mozambique,la République du Mozambique,la República de Mozambique,???????? ????????,???????,?????????? ????????,Africa,Afrique,África,???????,??,??????,Low-income countries,Pays à faible revenu,Países de bajos ingresos,????? ????? ???????,?????(???LIC),?????? ? ?????? ??????? ??????,Eastern Africa,Afrique orientale,África oriental,??? ???????,??,????????? ??????
583,145,FM,FSM,Micronesia (Fed. States),Micronésie(États féd.de),Micronesia(Estados Fed.),?????????? (?????? - ???????),????????,?????????? (???????????? ?????),the Federated States of Micronesia,les États fédérés de Micronésie,los Estados Federados de Micronesia,?????? ?????????? ???????,????????,???????????? ????? ??????????,Oceania,Océanie,Oceanía,??????????,???,???????,Lower-middle income countries,Pays à revenu intermédiaire de la tranche inférieure,Países de ingresos medianos bajos,,,,Micronesia,Micronésie,Micronesia,??????????,??????,??????????
498,146,MD,MDA,"Moldova, Republic of",République de Moldova,República de Moldova,????????  ???????,???????,?????????? ???????,the Republic of Moldova,la République de Moldova,la República de Moldova,???????? ???????,???????,?????????? ???????,Europe,Europe,Europa,??????,??,??????,Upper-middle income countries,Pays à revenu intermédiaire de la tranche supérieure,Países de ingresos medianos altos,??? ?? ??????? ?????? ?? ??????? ???????? ?????,???????,?????? ? ??????? ?????? ???? ????????,Eastern Europe,Europe orientale,Europa oriental,?????? ???????,??,????????? ??????
516,147,NA,NAM,Namibia,Namibie,Namibia,???????,????,???????,the Republic of Namibia,la République de Namibie,la República de Namibia,???????? ???????,???????,?????????? ???????,Africa,Afrique,África,???????,??,??????,Upper-middle income countries,Pays à revenu intermédiaire de la tranche supérieure,Países de ingresos medianos altos,??? ?? ??????? ?????? ?? ??????? ???????? ?????,???????,?????? ? ??????? ?????? ???? ????????,Southern Africa,Afrique australe,África austral,?????? ????????,????,????? ????? ??????
520,148,NR,NRU,Nauru,Nauru,Nauru,?????,??,?????,the Republic of Nauru,la République de Nauru,la República de Nauru,???????? ?????,?????,?????????? ?????,Oceania,Océanie,Oceanía,??????????,???,???????,High-income countries,Pays à revenu élevé,Países de ingresos altos,,?????,?????? ? ??????? ??????? ??????,Micronesia,Micronésie,Micronesia,??????????,??????,??????????
524,149,NP,NPL,Nepal,Népal,Nepal,?????,???,?????,the Federal Democratic Republic of Nepal,la République fédérale démocratique du Nepal,la República Democrática Federal de Nepal,???????? ????? ??????????? ??????????,??????????,???????????? ??????????????? ?????????? ?????,Asia,Asie,Asia,????,??,????,Lower-middle income countries,Pays à revenu intermédiaire de la tranche inférieure,Países de ingresos medianos bajos,,,,Southern Asia,Asie méridionale,Asia meridional,???? ????,??,????? ????
528,150,NL,NLD,Netherlands (Kingdom of the),Pays-Bas (Royaume des),Países Bajos (Reino de los),?????? (????? ),????,?????????? (???????????),the Kingdom of the Netherlands,le Royaume des Pays-Bas,el Reino de los Países Bajos,????? ??????,????,??????????? ???????????,Europe,Europe,Europa,??????,??,??????,High-income countries,Pays à revenu élevé,Países de ingresos altos,,?????,?????? ? ??????? ??????? ??????,Western Europe,Europe occidentale,Europa occidental,?????? ???????,??,???????? ??????
530,151,AN,ANT,Netherlands Antilles,Antilles néerlandaises,Antillas Neerlandesas,?? ??? ??????? ?????????,???????/???????,(??/ ??????) ??????????? ?????????? ????????,Netherlands Antilles,les Antilles néerlandaises,Antillas Neerlandesas,?? ??? ??????? ?????????,???????/???????,(??/ ??????) ??????????? ?????????? ????????,Americas,Amériques,Américas,??????????,??,???????? ? ????? ???????,Countries not classified by World Bank,Pays pas classé par la Banque Mondiale,Países no clasificados por el Banco Mundial,,,,Caribbean,Caraïbes,Caribe,????? ????? ????????,???,????????? ???????
536,152,,,Neutral Zone,Zone neutre,Zona Neutral,??????? ????????,???,??????????? ????,Neutral Zone,Zone neutre,Zona Neutral,??????? ????????,???,??????????? ????,,,,,,,,,,,,,,,,,,
540,153,NC,NCL,New Caledonia,Nouvelle-Calédonie,Nueva Caledonia,????????? ???????,??????,????? ?????????,New Caledonia,la Nouvelle-Calédonie,Nueva Caledonia,????????? ???????,??????,????? ?????????,Oceania,Océanie,Oceanía,??????????,???,???????,High-income countries,Pays à revenu élevé,Países de ingresos altos,,?????,?????? ? ??????? ??????? ??????,Melanesia,Mélanésie,Melanesia,?????????,?????,?????????
807,154,MK,MKD,North Macedonia,Macédoine du Nord,Macedonia del Norte,??????? ????????,????,???????? ?????????,the Republic of North Macedonia,la République de Macédoine du Nord,la República de Macedonia del Norte,??????? ??????? ????????,???????,?????????? ???????? ?????????,Europe,Europe,Europa,??????,??,??????,Upper-middle income countries,Pays à revenu intermédiaire de la tranche supérieure,Países de ingresos medianos altos,??? ?? ??????? ?????? ?? ??????? ???????? ?????,???????,?????? ? ??????? ?????? ???? ????????,Southern Europe,Europe méridionale,Europa meridional,?????? ????????,??,????? ??????
548,155,VU,VUT,Vanuatu,Vanuatu,Vanuatu,???????,????,???????,the Republic of Vanuatu,la République du Vanuatu,la República de Vanuatu,???????? ???????,???????,?????????? ???????,Oceania,Océanie,Oceanía,??????????,???,???????,Lower-middle income countries,Pays à revenu intermédiaire de la tranche inférieure,Países de ingresos medianos bajos,,,,Melanesia,Mélanésie,Melanesia,?????????,?????,?????????
554,156,NZ,NZL,New Zealand,Nouvelle-Zélande,Nueva Zelandia,?????????,???,????? ????????,New Zealand,la Nouvelle-Zélande,Nueva Zelandia,?????????,???,????? ????????,Oceania,Océanie,Oceanía,??????????,???,???????,High-income countries,Pays à revenu élevé,Países de ingresos altos,,?????,?????? ? ??????? ??????? ??????,Australia and New Zealand,Australie et Nouvelle-Zélande,Australia y Nueva Zelandia,???????? ??????????,????????,????????? ? ????? ????????
558,157,NI,NIC,Nicaragua,Nicaragua,Nicaragua,?????????,????,?????????,the Republic of Nicaragua,la République du Nicaragua,la República de Nicaragua,???????? ?????????,???????,?????????? ?????????,Americas,Amériques,Américas,??????????,??,???????? ? ????? ???????,Lower-middle income countries,Pays à revenu intermédiaire de la tranche inférieure,Países de ingresos medianos bajos,,,,Central America,Amérique centrale,América central,?????? ??????,???,??????????? ???????
562,158,NE,NER,Niger,Niger,Níger,??????,???,?????,the Republic of the Niger,la République du Niger,la República del Níger,???????? ??????,??????,?????????? ?????,Africa,Afrique,África,???????,??,??????,Low-income countries,Pays à faible revenu,Países de bajos ingresos,????? ????? ???????,?????(???LIC),?????? ? ?????? ??????? ??????,Western Africa,Afrique occidentale,África occidental,??? ???????,??,???????? ??????
566,159,NG,NGA,Nigeria,Nigéria,Nigeria,???????,????,???????,the Federal Republic of Nigeria,la République fédérale du Nigéria,la República Federal de Nigeria,???????? ??????? ?????????,?????????,???????????? ?????????? ???????,Africa,Afrique,África,???????,??,??????,Lower-middle income countries,Pays à revenu intermédiaire de la tranche inférieure,Países de ingresos medianos bajos,,,,Western Africa,Afrique occidentale,África occidental,??? ???????,??,???????? ??????
570,160,NU,NIU,Niue,Nioué,Niue,????,??,????,Niue,Nioué,Niue,????,??,????,Oceania,Océanie,Oceanía,??????????,???,???????,Countries not classified by World Bank,Pays pas classé par la Banque Mondiale,Países no clasificados por el Banco Mundial,,,,Polynesia,Polynésie,Polinesia,?????????,?????,?????????
574,161,NF,NFK,Norfolk Island,Île Norfolk,Isla Norfolk,????? ???????,????,?????? ???????,Territory of Norfolk Island,Île Norfolk,Isla Norfolk,????? ??????? - ????? ????? ?????? ???????,??????,?????? ???????,Oceania,Océanie,Oceanía,??????????,???,???????,Countries not classified by World Bank,Pays pas classé par la Banque Mondiale,Países no clasificados por el Banco Mundial,,,,Australia and New Zealand,Australie et Nouvelle-Zélande,Australia y Nueva Zelandia,???????? ??????????,????????,????????? ? ????? ????????
578,162,NO,NOR,Norway,Norvège,Noruega,???????,??,????????,the Kingdom of Norway,le Royaume de Norvège,el Reino de Noruega,????? ???????,????,??????????? ????????,Europe,Europe,Europa,??????,??,??????,High-income countries,Pays à revenu élevé,Países de ingresos altos,,?????,?????? ? ??????? ??????? ??????,Northern Europe,Europe septentrionale,Europa del Norte,?????? ????????,??,???????? ??????
580,163,MP,MNP,Northern Mariana Is.,Îles Mariannes du Nord,Islas Marianas del Norte,??? ??????? ????????,???????,???????? ?????????? ???????,the Commonwealth of the Northern Mariana Islands,Commonwealth des Îles Mariannes du Nord,Mancomunidad de las Islas Marianas del Norte,??????? ??? ??????? ????????,???????,??????????? ???????? ?????????? ????????,Oceania,Océanie,Oceanía,??????????,???,???????,High-income countries,Pays à revenu élevé,Países de ingresos altos,,?????,?????? ? ??????? ??????? ??????,Micronesia,Micronésie,Micronesia,??????????,??????,??????????
582,164,,,Pacific Islands Trust Tr,"Pacifique, Îles du","Pacifico, Islas del",,,,Pacific Islands Trust Territory,Territoire des Îles du Pacifique,Territorio de las Islas del Pacífico,,,,,,,,,,,,,,,,,,,,,
586,165,PK,PAK,Pakistan,Pakistan,Pakistán,???????,????,????????,the Islamic Republic of Pakistan,la République islamique du Pakistan,la República Islámica del Pakistán,???????? ??????? ??????????,??????????,????????? ?????????? ????????,Asia,Asie,Asia,????,??,????,Lower-middle income countries,Pays à revenu intermédiaire de la tranche inférieure,Países de ingresos medianos bajos,,,,Southern Asia,Asie méridionale,Asia meridional,???? ????,??,????? ????
591,166,PA,PAN,Panama,Panama,Panamá,????,???,??????,the Republic of Panama,la République du Panama,la República de Panamá,???????? ????,??????,?????????? ??????,Americas,Amériques,Américas,??????????,??,???????? ? ????? ???????,High-income countries,Pays à revenu élevé,Países de ingresos altos,,?????,?????? ? ??????? ??????? ??????,Central America,Amérique centrale,América central,?????? ??????,???,??????????? ???????
203,167,CZ,CZE,Czechia,Tchéquie,Chequia,??????,??,?????,the Czech Republic,la République tchèque,la República Checa,?????????? ?????????,?????,??????? ??????????,Europe,Europe,Europa,??????,??,??????,High-income countries,Pays à revenu élevé,Países de ingresos altos,,?????,?????? ? ??????? ??????? ??????,Eastern Europe,Europe orientale,Europa oriental,?????? ???????,??,????????? ??????
598,168,PG,PNG,Papua New Guinea,Papouasie-Nlle-Guinée,Papua Nueva Guinea,????? ????? ???????,???????,????? – ????? ??????,Independent State of Papua New Guinea,État indépendant de Papouasie-Nouvelle-Guinée,Estado Independiente de Papua Nueva Guinea,???? ????? ????? ??????? ????????,??????????,??????????? ??????????? ????? – ????? ??????,Oceania,Océanie,Oceanía,??????????,???,???????,Lower-middle income countries,Pays à revenu intermédiaire de la tranche inférieure,Países de ingresos medianos bajos,,,,Melanesia,Mélanésie,Melanesia,?????????,?????,?????????
600,169,PY,PRY,Paraguay,Paraguay,Paraguay,????????,???,????????,the Republic of Paraguay,la République du Paraguay,la República del Paraguay,???????? ????????,??????,?????????? ????????,Americas,Amériques,Américas,??????????,??,???????? ? ????? ???????,Upper-middle income countries,Pays à revenu intermédiaire de la tranche supérieure,Países de ingresos medianos altos,??? ?? ??????? ?????? ?? ??????? ???????? ?????,???????,?????? ? ??????? ?????? ???? ????????,South America,Amérique du Sud,América del Sur,?????? ????????,???,????? ???????
604,170,PE,PER,Peru,Pérou,Perú,????,??,????,the Republic of Peru,la République du Pérou,la República del Perú,???????? ????,?????,?????????? ????,Americas,Amériques,Américas,??????????,??,???????? ? ????? ???????,Upper-middle income countries,Pays à revenu intermédiaire de la tranche supérieure,Países de ingresos medianos altos,??? ?? ??????? ?????? ?? ??????? ???????? ?????,???????,?????? ? ??????? ?????? ???? ????????,South America,Amérique du Sud,América del Sur,?????? ????????,???,????? ???????
608,171,PH,PHL,Philippines,Philippines,Filipinas,???????,???,?????????,the Republic of the Philippines,la République des Philippines,la República de Filipinas,???????? ???????,??????,?????????? ?????????,Asia,Asie,Asia,????,??,????,Lower-middle income countries,Pays à revenu intermédiaire de la tranche inférieure,Países de ingresos medianos bajos,,,,South-Eastern Asia,Asie du Sud-Est,Asia sudoriental,???? ???? ????,???,???-????????? ????
612,172,PN,PCN,Pitcairn,Pitcairn,Pitcairn,???????,????,???????,Pitcairn,Pitcairn,Pitcairn,???????,????,???????,Oceania,Océanie,Oceanía,??????????,???,???????,Countries not classified by World Bank,Pays pas classé par la Banque Mondiale,Países no clasificados por el Banco Mundial,,,,Polynesia,Polynésie,Polinesia,?????????,?????,?????????
616,173,PL,POL,Poland,Pologne,Polonia,??????,??,??????,the Republic of Poland,la République de Pologne,la República de Polonia,???????? ??????,?????,?????????? ??????,Europe,Europe,Europa,??????,??,??????,High-income countries,Pays à revenu élevé,Países de ingresos altos,,?????,?????? ? ??????? ??????? ??????,Eastern Europe,Europe orientale,Europa oriental,?????? ???????,??,????????? ??????
620,174,PT,PRT,Portugal,Portugal,Portugal,????????,???,??????????,the Portuguese Republic,la République portugaise,la República Portuguesa,???????? ????????,??????,????????????? ??????????,Europe,Europe,Europa,??????,??,??????,High-income countries,Pays à revenu élevé,Países de ingresos altos,,?????,?????? ? ??????? ??????? ??????,Southern Europe,Europe méridionale,Europa meridional,?????? ????????,??,????? ??????
624,175,GW,GNB,Guinea-Bissau,Guinée-Bissau,Guinea-Bissau,????? - ?????,?????,??????-?????,the Republic of Guinea-Bissau,la République de Guinée-Bissau,la República de Guinea-Bissau,??????? ????? - ?????,????????,?????????? ??????-?????,Africa,Afrique,África,???????,??,??????,Low-income countries,Pays à faible revenu,Países de bajos ingresos,????? ????? ???????,?????(???LIC),?????? ? ?????? ??????? ??????,Western Africa,Afrique occidentale,África occidental,??? ???????,??,???????? ??????
626,176,TL,TLS,Timor-Leste,Timor-Leste,Timor-Leste,????? - ?????,???,?????-?????,the Democratic Republic of Timor-Leste,la République démocratique du Timor-Leste,la República Democrática de Timor-Leste,???????? ????? - ????? ????????????,????????,??????????????? ?????????? ?????-?????,Asia,Asie,Asia,????,??,????,Lower-middle income countries,Pays à revenu intermédiaire de la tranche inférieure,Países de ingresos medianos bajos,,,,South-Eastern Asia,Asie du Sud-Est,Asia sudoriental,???? ???? ????,???,???-????????? ????
630,177,PR,PRI,Puerto Rico,Porto Rico,Puerto Rico,?????????,????,??????-????,the Commonwealth of Puerto Rico,l'État libre associé de Porto Rico,el Estado Libre Asociado de Puerto Rico,??????? ?????????,????????,??????????? ??????-????,Americas,Amériques,Américas,??????????,??,???????? ? ????? ???????,High-income countries,Pays à revenu élevé,Países de ingresos altos,,?????,?????? ? ??????? ??????? ??????,Caribbean,Caraïbes,Caribe,????? ????? ????????,???,????????? ???????
232,178,ER,ERI,Eritrea,Érythrée,Eritrea,???????,?????,???????,the State of Eritrea,l'État d'Érythrée,el Estado de Eritrea,???? ???????,??????,??????????? ???????,Africa,Afrique,África,???????,??,??????,Low-income countries,Pays à faible revenu,Países de bajos ingresos,????? ????? ???????,?????(???LIC),?????? ? ?????? ??????? ??????,Eastern Africa,Afrique orientale,África oriental,??? ???????,??,????????? ??????
634,179,QA,QAT,Qatar,Qatar,Qatar,???,???,?????,the State of Qatar,l'État du Qatar,el Estado de Qatar,???? ???,????,??????????? ?????,Asia,Asie,Asia,????,??,????,High-income countries,Pays à revenu élevé,Países de ingresos altos,,?????,?????? ? ??????? ??????? ??????,Western Asia,Asie occidentale,Asia occidental,???? ????,??,???????? ????
585,180,PW,PLW,Palau,Palaos,Palau,?????,??,?????,the Republic of Palau,la République des Palaos,la República de Palau,???????? ?????,?????,?????????? ?????,Oceania,Océanie,Oceanía,??????????,???,???????,Upper-middle income countries,Pays à revenu intermédiaire de la tranche supérieure,Países de ingresos medianos altos,??? ?? ??????? ?????? ?? ??????? ???????? ?????,???????,?????? ? ??????? ?????? ???? ????????,Micronesia,Micronésie,Micronesia,??????????,??????,??????????
716,181,ZW,ZWE,Zimbabwe,Zimbabwe,Zimbabwe,???????,????,????????,the Republic of Zimbabwe,la République du Zimbabwe,la República de Zimbabwe,???????? ???????,???????,?????????? ????????,Africa,Afrique,África,???????,??,??????,Lower-middle income countries,Pays à revenu intermédiaire de la tranche inférieure,Países de ingresos medianos bajos,,,,Eastern Africa,Afrique orientale,África oriental,??? ???????,??,????????? ??????
638,182,RE,REU,Réunion,Réunion,Reunión,????????,???,???????,Réunion,la Réunion,Reunión,????????,???,???????,Africa,Afrique,África,???????,??,??????,Countries not classified by World Bank,Pays pas classé par la Banque Mondiale,Países no clasificados por el Banco Mundial,,,,Eastern Africa,Afrique orientale,África oriental,??? ???????,??,????????? ??????
642,183,RO,ROU,Romania,Roumanie,Rumania,???????,????,???????,Romania,la Roumanie,Rumania,???????,????,???????,Europe,Europe,Europa,??????,??,??????,High-income countries,Pays à revenu élevé,Países de ingresos altos,,?????,?????? ? ??????? ??????? ??????,Eastern Europe,Europe orientale,Europa oriental,?????? ???????,??,????????? ??????
646,184,RW,RWA,Rwanda,Rwanda,Rwanda,??????,???,??????,the Republic of Rwanda,la République du Rwanda,la República de Rwanda,???????? ??????,??????,?????????? ??????,Africa,Afrique,África,???????,??,??????,Low-income countries,Pays à faible revenu,Países de bajos ingresos,????? ????? ???????,?????(???LIC),?????? ? ?????? ??????? ??????,Eastern Africa,Afrique orientale,África oriental,??? ???????,??,????????? ??????
643,185,RU,RUS,Russian Federation,Fédération de Russie,Federación de Rusia,??????? ??????,?????,?????????? ?????????,the Russian Federation,la Fédération de Russie,la Federación de Rusia,??????? ??????,?????,?????????? ?????????,Europe,Europe,Europa,??????,??,??????,Upper-middle income countries,Pays à revenu intermédiaire de la tranche supérieure,Países de ingresos medianos altos,??? ?? ??????? ?????? ?? ??????? ???????? ?????,???????,?????? ? ??????? ?????? ???? ????????,Eastern Europe,Europe orientale,Europa oriental,?????? ???????,??,????????? ??????
891,186,CS,SCG,Serbia and Montenegro,Serbie-et-Monténégro,Serbia y Montenegro,,,,Serbia and Montenegro,Serbie-et-Monténégro,Serbia y Montenegro,,,,Europe,Europe,Europa,??????,??,??????,Countries not classified by World Bank,Pays pas classé par la Banque Mondiale,Países no clasificados por el Banco Mundial,,,,Southern Europe,Europe méridionale,Europa meridional,?????? ????????,??,????? ??????
654,187,SH,SHN,Saint Helena/Asc./Trist.,Sainte-Hélène/Asc./Tris.,Santa Elena/Asc./Trist.,???? ?????? ???????? ???????? ?? ????,?????????????-????,"??????? ??????????, ?????? ????? ? ???????-??-?????","Ascension, Saint Helena and Tristan da Cunha","Ascension, Sainte-Hélène et Tristan da Cunha","Ascensión, Santa Elena y Tristán de Acuña",???? ?????? ???????? ???????? ?? ????,?????????????-????,"??????? ??????????, ?????? ????? ? ???????-??-?????",Africa,Afrique,África,???????,??,??????,Countries not classified by World Bank,Pays pas classé par la Banque Mondiale,Países no clasificados por el Banco Mundial,,,,Western Africa,Afrique occidentale,África occidental,??? ???????,??,???????? ??????
659,188,KN,KNA,Saint Kitts and Nevis,Saint-Kitts-et-Nevis,Saint Kitts y Nevis,???? ???? ??????,????????,????-???? ? ?????,Saint Kitts and Nevis,Saint-Kitts-et-Nevis,Saint Kitts y Nevis,???? ???? ??????,???????,????-???? ? ?????,Americas,Amériques,Américas,??????????,??,???????? ? ????? ???????,High-income countries,Pays à revenu élevé,Países de ingresos altos,,?????,?????? ? ??????? ??????? ??????,Caribbean,Caraïbes,Caribe,????? ????? ????????,???,????????? ???????
662,189,LC,LCA,Saint Lucia,Sainte-Lucie,Santa Lucía,???? ?????,????,????-?????,Saint Lucia,Sainte-Lucie,Santa Lucía,???? ?????,????,????-?????,Americas,Amériques,Américas,??????????,??,???????? ? ????? ???????,Upper-middle income countries,Pays à revenu intermédiaire de la tranche supérieure,Países de ingresos medianos altos,??? ?? ??????? ?????? ?? ??????? ???????? ?????,???????,?????? ? ??????? ?????? ???? ????????,Caribbean,Caraïbes,Caribe,????? ????? ????????,???,????????? ???????
666,190,PM,SPM,St. Pierre and Miquelon,Saint-Pierre-et-Miquelon,San Pedro y Miquelón,??? ???? ???????,????????,???-???? ? ???????,Saint Pierre and Miquelon,Saint-Pierre-et-Miquelon,San Pedro y Miquelón,??? ???? ???????,????????,???-???? ? ???????,Americas,Amériques,Américas,??????????,??,???????? ? ????? ???????,Countries not classified by World Bank,Pays pas classé par la Banque Mondiale,Países no clasificados por el Banco Mundial,,,,Northern America,Amérique du Nord,América del Norte,?????? ????????,??,???????? ???????
670,191,VC,VCT,Saint Vincent/Grenadines,Saint-Vincent/Grenadines,San Vicente/Grenadinas,???? ????? ???? ????????,??????????,????-??????? ? ?????????,Saint Vincent and the Grenadines,Saint-Vincent-et-les Grenadines,San Vicente y las Granadinas,???? ????? ???? ????????,??????????,????-??????? ? ?????????,Americas,Amériques,Américas,??????????,??,???????? ? ????? ???????,Upper-middle income countries,Pays à revenu intermédiaire de la tranche supérieure,Países de ingresos medianos altos,??? ?? ??????? ?????? ?? ??????? ???????? ?????,???????,?????? ? ??????? ?????? ???? ????????,Caribbean,Caraïbes,Caribe,????? ????? ????????,???,????????? ???????
674,192,SM,SMR,San Marino,Saint-Marin,San Marino,??? ??????,????,???-??????,the Republic of San Marino,la République de Saint-Marin,la República de San Marino,???????? ??? ??????,????????,?????????? ???-??????,Europe,Europe,Europa,??????,??,??????,High-income countries,Pays à revenu élevé,Países de ingresos altos,,?????,?????? ? ??????? ??????? ??????,Southern Europe,Europe méridionale,Europa meridional,?????? ????????,??,????? ??????
678,193,ST,STP,Sao Tome and Principe,Sao Tomé-et-Principe,Santo Tomé y Príncipe,??? ???? ????????,????????,???-???? ? ????????,the Democratic Republic of Sao Tome and Principe,la République démocratique de Sao Tomé-et-Principe,la República Democrática de Santo Tomé y Príncipe,???????? ??? ???? ???????? ???????????,?????????????,??????????????? ?????????? ???-???? ? ????????,Africa,Afrique,África,???????,??,??????,Lower-middle income countries,Pays à revenu intermédiaire de la tranche inférieure,Países de ingresos medianos bajos,,,,Middle Africa,Afrique centrale,África central,??? ???????,??,??????????? ??????
682,194,SA,SAU,Saudi Arabia,Arabie saoudite,Arabia Saudita,??????? ???????? ?????????,?????,?????????? ??????,the Kingdom of Saudi Arabia,le Royaume d'Arabie saoudite,el Reino de Arabia Saudita,??????? ???????? ?????????,???????,??????????? ?????????? ??????,Asia,Asie,Asia,????,??,????,High-income countries,Pays à revenu élevé,Países de ingresos altos,,?????,?????? ? ??????? ??????? ??????,Western Asia,Asie occidentale,Asia occidental,???? ????,??,???????? ????
686,195,SN,SEN,Senegal,Sénégal,Senegal,???????,????,???????,the Republic of Senegal,la République du Sénégal,la República del Senegal,???????? ???????,???????,?????????? ???????,Africa,Afrique,África,???????,??,??????,Lower-middle income countries,Pays à revenu intermédiaire de la tranche inférieure,Países de ingresos medianos bajos,,,,Western Africa,Afrique occidentale,África occidental,??? ???????,??,???????? ??????
690,196,SC,SYC,Seychelles,Seychelles,Seychelles,?????,???,??????????? ???????,the Republic of Seychelles,la République des Seychelles,la República de Seychelles,???????? ?????,??????,?????????? ??????????? ???????,Africa,Afrique,África,???????,??,??????,High-income countries,Pays à revenu élevé,Países de ingresos altos,,?????,?????? ? ??????? ??????? ??????,Eastern Africa,Afrique orientale,África oriental,??? ???????,??,????????? ??????
694,197,SL,SLE,Sierra Leone,Sierra Leone,Sierra Leona,????????,????,??????-?????,the Republic of Sierra Leone,la République de Sierra Leone,la República de Sierra Leona,???????? ????????,???????,?????????? ??????-?????,Africa,Afrique,África,???????,??,??????,Low-income countries,Pays à faible revenu,Países de bajos ingresos,????? ????? ???????,?????(???LIC),?????? ? ?????? ??????? ??????,Western Africa,Afrique occidentale,África occidental,??? ???????,??,???????? ??????
705,198,SI,SVN,Slovenia,Slovénie,Eslovenia,????????,?????,????????,the Republic of Slovenia,la République de Slovénie,la República de Eslovenia,???????? ????????,????????,?????????? ????????,Europe,Europe,Europa,??????,??,??????,High-income countries,Pays à revenu élevé,Países de ingresos altos,,?????,?????? ? ??????? ??????? ??????,Southern Europe,Europe méridionale,Europa meridional,?????? ????????,??,????? ??????
703,199,SK,SVK,Slovakia,Slovaquie,Eslovaquia,????????,????,????????,the Slovak Republic,la République slovaque,la República Eslovaca,?????????? ??????????,???????,????????? ??????????,Europe,Europe,Europa,??????,??,??????,High-income countries,Pays à revenu élevé,Países de ingresos altos,,?????,?????? ? ??????? ??????? ??????,Eastern Europe,Europe orientale,Europa oriental,?????? ???????,??,????????? ??????
702,200,SG,SGP,Singapore,Singapour,Singapur,????????,???,????????,the Republic of Singapore,la République de Singapour,la República de Singapur,???????? ????????,??????,?????????? ????????,Asia,Asie,Asia,????,??,????,High-income countries,Pays à revenu élevé,Países de ingresos altos,,?????,?????? ? ??????? ??????? ??????,South-Eastern Asia,Asie du Sud-Est,Asia sudoriental,???? ???? ????,???,???-????????? ????
706,201,SO,SOM,Somalia,Somalie,Somalia,???????,???,??????,the Federal Republic of Somalia,la République fédérale de Somalie,la República Federal de Somalia,???????? ??????? ??????????,????????,???????????? ?????????? ??????,Africa,Afrique,África,???????,??,??????,Low-income countries,Pays à faible revenu,Países de bajos ingresos,????? ????? ???????,?????(???LIC),?????? ? ?????? ??????? ??????,Eastern Africa,Afrique orientale,África oriental,??? ???????,??,????????? ??????
710,202,ZA,ZAF,South Africa,Afrique du Sud,Sudáfrica,???? ???????,??,????? ??????,the Republic of South Africa,la République sud-africaine,la República de Sudáfrica,???????? ???? ???????,?????,????-??????????? ??????????,Africa,Afrique,África,???????,??,??????,Upper-middle income countries,Pays à revenu intermédiaire de la tranche supérieure,Países de ingresos medianos altos,??? ?? ??????? ?????? ?? ??????? ???????? ?????,???????,?????? ? ??????? ?????? ???? ????????,Southern Africa,Afrique australe,África austral,?????? ????????,????,????? ????? ??????
724,203,ES,ESP,Spain,Espagne,España,???????,???,???????,the Kingdom of Spain,le Royaume d'Espagne,el Reino de España,????? ???????,?????,??????????? ???????,Europe,Europe,Europa,??????,??,??????,High-income countries,Pays à revenu élevé,Países de ingresos altos,,?????,?????? ? ??????? ??????? ??????,Southern Europe,Europe méridionale,Europa meridional,?????? ????????,??,????? ??????
732,205,EH,ESH,Western Sahara,Sahara occidental,Sáhara Occidental,??????? ????????,????,???????? ??????,Western Sahara,Sahara occidental,Sáhara Occidental,??????? ????????,????,???????? ??????,Africa,Afrique,África,???????,??,??????,Countries not classified by World Bank,Pays pas classé par la Banque Mondiale,Países no clasificados por el Banco Mundial,,,,Northern Africa,Afrique septentrionale,África septentrional,??????? ????????,??,???????? ??????
736,206,,,Sudan (former),Soudan (ex),Sudán (ex),???????,??,?????,the Republic of the Sudan,la République du Soudan,la República del Sudán,??????? ???????,?????,?????????? ?????,Africa,Afrique,África,???????,??,??????,Countries not classified by World Bank,Pays pas classé par la Banque Mondiale,Países no clasificados por el Banco Mundial,,,,Northern Africa,Afrique septentrionale,África septentrional,??????? ????????,??,???????? ??????
740,207,SR,SUR,Suriname,Suriname,Suriname,???????,???,???????,the Republic of Suriname,la République du Suriname,la República de Suriname,???????? ???????,??????,?????????? ???????,Americas,Amériques,Américas,??????????,??,???????? ? ????? ???????,Upper-middle income countries,Pays à revenu intermédiaire de la tranche supérieure,Países de ingresos medianos altos,??? ?? ??????? ?????? ?? ??????? ???????? ?????,???????,?????? ? ??????? ?????? ???? ????????,South America,Amérique du Sud,América del Sur,?????? ????????,???,????? ???????
762,208,TJ,TJK,Tajikistan,Tadjikistan,Tayikistán,?????????,?????,???????????,the Republic of Tajikistan,la République du Tadjikistan,la República de Tayikistán,???????? ?????????,????????,?????????? ???????????,Asia,Asie,Asia,????,??,????,Lower-middle income countries,Pays à revenu intermédiaire de la tranche inférieure,Países de ingresos medianos bajos,,,,Central Asia,Asie centrale,Asia central,???? ??????,??,??????????? ????
748,209,SZ,SWZ,Eswatini,Eswatini,Eswatini,????????,????,????????,the Kingdom of Eswatini,le Royaume d’Eswatini,el Reino de Eswatini,????? ????????,??????,??????????? ????????,Africa,Afrique,África,???????,??,??????,Lower-middle income countries,Pays à revenu intermédiaire de la tranche inférieure,Países de ingresos medianos bajos,,,,Southern Africa,Afrique australe,África austral,?????? ????????,????,????? ????? ??????
752,210,SE,SWE,Sweden,Suède,Suecia,??????,??,??????,the Kingdom of Sweden,le Royaume de Suède,el Reino de Suecia,????? ??????,????,??????????? ??????,Europe,Europe,Europa,??????,??,??????,High-income countries,Pays à revenu élevé,Países de ingresos altos,,?????,?????? ? ??????? ??????? ??????,Northern Europe,Europe septentrionale,Europa del Norte,?????? ????????,??,???????? ??????
756,211,CH,CHE,Switzerland,Suisse,Suiza,??????,??,?????????,the Swiss Confederation,la Confédération suisse,la Confederación Suiza,??????? ????????,????,??????????? ????????????,Europe,Europe,Europa,??????,??,??????,High-income countries,Pays à revenu élevé,Países de ingresos altos,,?????,?????? ? ??????? ??????? ??????,Western Europe,Europe occidentale,Europa occidental,?????? ???????,??,???????? ??????
760,212,SY,SYR,Syrian Arab Republic,Rép. arabe syrienne,República Árabe Siria,?????????? ???????? ????????,?????????,????????? ???????? ??????????,the Syrian Arab Republic,la République arabe syrienne,la República Árabe Siria,?????????? ???????? ????????,?????????,????????? ???????? ??????????,Asia,Asie,Asia,????,??,????,Low-income countries,Pays à faible revenu,Países de bajos ingresos,????? ????? ???????,?????(???LIC),?????? ? ?????? ??????? ??????,Western Asia,Asie occidentale,Asia occidental,???? ????,??,???????? ????
795,213,TM,TKM,Turkmenistan,Turkménistan,Turkmenistán,??????????,?????,????????????,Turkmenistan,le Turkménistan,Turkmenistán,??????????,?????,????????????,Asia,Asie,Asia,????,??,????,Upper-middle income countries,Pays à revenu intermédiaire de la tranche supérieure,Países de ingresos medianos altos,??? ?? ??????? ?????? ?? ??????? ???????? ?????,???????,?????? ? ??????? ?????? ???? ????????,Central Asia,Asie centrale,Asia central,???? ??????,??,??????????? ????
158,214,TW,TWN,Taiwan Province of China,Prov. chinoise de Taïwan,Prov. china de Taiwán,?????? ?????? ???????,?????,????????? ????????? ???????,Taiwan Province of China,Province chinoise de Taïwan,Provincia china de Taiwán,?????? ?????? ???????,?????,????????? ????????? ???????,Asia,Asie,Asia,????,??,????,High-income countries,Pays à revenu élevé,Países de ingresos altos,,?????,?????? ? ??????? ??????? ??????,Eastern Asia,Asie orientale,Asia oriental,???? ????,??,????????? ????
834,215,TZ,TZA,"Tanzania, United Rep. of",Rép.-Unie de Tanzanie,Rep. Unida de Tanzanía,???????? ??????? ???????,?????????,???????????? ?????????? ????????,the United Republic of Tanzania,la République-Unie de Tanzanie,la República Unida de Tanzanía,???????? ??????? ???????,?????????,???????????? ?????????? ????????,Africa,Afrique,África,???????,??,??????,Lower-middle income countries,Pays à revenu intermédiaire de la tranche inférieure,Países de ingresos medianos bajos,,,,Eastern Africa,Afrique orientale,África oriental,??? ???????,??,????????? ??????
764,216,TH,THA,Thailand,Thaïlande,Tailandia,??????,??,???????,the Kingdom of Thailand,le Royaume de Thaïlande,el Reino de Tailandia,????? ??????,???,??????????? ???????,Asia,Asie,Asia,????,??,????,Upper-middle income countries,Pays à revenu intermédiaire de la tranche supérieure,Países de ingresos medianos altos,??? ?? ??????? ?????? ?? ??????? ???????? ?????,???????,?????? ? ??????? ?????? ???? ????????,South-Eastern Asia,Asie du Sud-Est,Asia sudoriental,???? ???? ????,???,???-????????? ????
768,217,TG,TGO,Togo,Togo,Togo,????,??,????,the Togolese Republic,la République togolaise,la República Togolesa,???????? ????,?????,??????????? ??????????,Africa,Afrique,África,???????,??,??????,Low-income countries,Pays à faible revenu,Países de bajos ingresos,????? ????? ???????,?????(???LIC),?????? ? ?????? ??????? ??????,Western Africa,Afrique occidentale,África occidental,??? ???????,??,???????? ??????
772,218,TK,TKL,Tokelau,Tokélaou,Tokelau,???????,???,???????,Tokelau,les Tokélaou,Tokelau,???????,???,???????,Oceania,Océanie,Oceanía,??????????,???,???????,Countries not classified by World Bank,Pays pas classé par la Banque Mondiale,Países no clasificados por el Banco Mundial,,,,Polynesia,Polynésie,Polinesia,?????????,?????,?????????
776,219,TO,TON,Tonga,Tonga,Tonga,?????,??,?????,the Kingdom of Tonga,le Royaume des Tonga,el Reino de Tonga,????? ?????,????,??????????? ?????,Oceania,Océanie,Oceanía,??????????,???,???????,Upper-middle income countries,Pays à revenu intermédiaire de la tranche supérieure,Países de ingresos medianos altos,??? ?? ??????? ?????? ?? ??????? ???????? ?????,???????,?????? ? ??????? ?????? ???? ????????,Polynesia,Polynésie,Polinesia,?????????,?????,?????????
780,220,TT,TTO,Trinidad and Tobago,Trinité-et-Tobago,Trinidad y Tabago,???????? ???????,????????,???????? ? ??????,the Republic of Trinidad and Tobago,la République de Trinité-et-Tobago,la República de Trinidad y Tabago,???????? ???????? ???????,???????????,?????????? ???????? ? ??????,Americas,Amériques,Américas,??????????,??,???????? ? ????? ???????,High-income countries,Pays à revenu élevé,Países de ingresos altos,,?????,?????? ? ??????? ??????? ??????,Caribbean,Caraïbes,Caribe,????? ????? ????????,???,????????? ???????
512,221,OM,OMN,Oman,Oman,Omán,????,??,????,the Sultanate of Oman,le Sultanat d'Oman,la Sultanía de Omán,????? ????,?????,???????? ????,Asia,Asie,Asia,????,??,????,High-income countries,Pays à revenu élevé,Países de ingresos altos,,?????,?????? ? ??????? ??????? ??????,Western Asia,Asie occidentale,Asia occidental,???? ????,??,???????? ????
788,222,TN,TUN,Tunisia,Tunisie,Túnez,????,???,?????,the Republic of Tunisia,la République tunisienne,la República de Túnez,?????????? ????????,??????,????????? ??????????,Africa,Afrique,África,???????,??,??????,Lower-middle income countries,Pays à revenu intermédiaire de la tranche inférieure,Países de ingresos medianos bajos,,,,Northern Africa,Afrique septentrionale,África septentrional,??????? ????????,??,???????? ??????
792,223,TR,TUR,Türkiye,Türkiye,Türkiye,?????,???,??????,the Republic of Türkiye,la République de Türkiye,la República de Türkiye,?????????? ???????,??????,???????? ??????????,Asia,Asie,Asia,????,??,????,Upper-middle income countries,Pays à revenu intermédiaire de la tranche supérieure,Países de ingresos medianos altos,??? ?? ??????? ?????? ?? ??????? ???????? ?????,???????,?????? ? ??????? ?????? ???? ????????,Western Asia,Asie occidentale,Asia occidental,???? ????,??,???????? ????
796,224,TC,TCA,Turks and Caicos Is.,Îles Turques-et-Caïques,Islas Turcas y Caicos,??? ???? ???????,?????????,??????? ????? ? ??????,the Turks and Caicos Islands,les Îles Turques-et-Caïques,las Islas Turcas y Caicos,??? ???? ???????,?????????,??????? ????? ? ??????,Americas,Amériques,Américas,??????????,??,???????? ? ????? ???????,High-income countries,Pays à revenu élevé,Países de ingresos altos,,?????,?????? ? ??????? ??????? ??????,Caribbean,Caraïbes,Caribe,????? ????? ????????,???,????????? ???????
784,225,AE,ARE,United Arab Emirates,Émirats arabes unis,Emiratos Árabes Unidos,???????? ???????? ???????,????????,???????????? ???????? ???????,the United Arab Emirates,les Émirats arabes unis,los Emiratos Árabes Unidos,???????? ???????? ???????,????????,???????????? ???????? ???????,Asia,Asie,Asia,????,??,????,High-income countries,Pays à revenu élevé,Países de ingresos altos,,?????,?????? ? ??????? ??????? ??????,Western Asia,Asie occidentale,Asia occidental,???? ????,??,???????? ????
800,226,UG,UGA,Uganda,Ouganda,Uganda,??????,???,??????,the Republic of Uganda,la République de l'Ouganda,la República de Uganda,???????? ??????,??????,?????????? ??????,Africa,Afrique,África,???????,??,??????,Low-income countries,Pays à faible revenu,Países de bajos ingresos,????? ????? ???????,?????(???LIC),?????? ? ?????? ??????? ??????,Eastern Africa,Afrique orientale,África oriental,??? ???????,??,????????? ??????
798,227,TV,TUV,Tuvalu,Tuvalu,Tuvalu,??????,???,??????,Tuvalu,les Tuvalu,Tuvalu,??????,???,??????,Oceania,Océanie,Oceanía,??????????,???,???????,Upper-middle income countries,Pays à revenu intermédiaire de la tranche supérieure,Países de ingresos medianos altos,??? ?? ??????? ?????? ?? ??????? ???????? ?????,???????,?????? ? ??????? ?????? ???? ????????,Polynesia,Polynésie,Polinesia,?????????,?????,?????????
810,228,SU,SUN,Un. Sov. Soc. Rep.,Union des Rép.soc.sov.,Unión de Rep.Soc.Sov.,,,,Union of Soviet Socialist Republics,Union des Républiques socialistes soviétiques,Unión de Rep.Soc.Sov.,,,,,,,,,,Countries not classified by World Bank,Pays pas classé par la Banque Mondiale,Países no clasificados por el Banco Mundial,,,,,,,,,
826,229,GB,GBR,United Kingdom,Royaume-Uni,Reino Unido,??????? ??????? ????????? ?????? ???????? ????????,?????????????,??????????? ??????????? ?????????????? ? ???????? ????????,the United Kingdom of Great Britain and Northern Ireland,le Royaume-Uni de Grande-Bretagne et d'Irlande du Nord,el Reino Unido (de Gran Bretaña e Irlanda del Norte),??????? ??????? ????????? ?????? ???????? ????????,?????????????,??????????? ??????????? ?????????????? ? ???????? ????????,Europe,Europe,Europa,??????,??,??????,High-income countries,Pays à revenu élevé,Países de ingresos altos,,?????,?????? ? ??????? ??????? ??????,Northern Europe,Europe septentrionale,Europa del Norte,?????? ????????,??,???????? ??????
804,230,UA,UKR,Ukraine,Ukraine,Ucrania,????????,???,???????,Ukraine,l'Ukraine,Ucrania,????????,???,???????,Europe,Europe,Europa,??????,??,??????,Lower-middle income countries,Pays à revenu intermédiaire de la tranche inférieure,Países de ingresos medianos bajos,,,,Eastern Europe,Europe orientale,Europa oriental,?????? ???????,??,????????? ??????
840,231,US,USA,United States of America,États-Unis d'Amérique,Estados Unidos deAmérica,???????? ??????? ??????????,??????,??????????? ????? ???????,the United States of America,les États-Unis d'Amérique,los Estados Unidos de América,???????? ??????? ??????????,??????,??????????? ????? ???????,Americas,Amériques,Américas,??????????,??,???????? ? ????? ???????,High-income countries,Pays à revenu élevé,Países de ingresos altos,,?????,?????? ? ??????? ??????? ??????,Northern America,Amérique du Nord,América del Norte,?????? ????????,??,???????? ???????
581,232,UM,UMI,US Minor Outlying Is.,Îl. mineures eloignéesEU,Islas menores alejadasEU,??? ???????? ??????? ??????,?????,??????? ????? ??????? ??????????? ?????? ???????,the United States Minor Outlying Islands,les Îles mineures éloignées des États-Unis,las Islas menores alejadas de los Estados Unidos,??? ???????? ??????? ??????,?????,??????? ????? ??????? ??????????? ?????? ???????,Oceania,Océanie,Oceanía,??????????,???,???????,Countries not classified by World Bank,Pays pas classé par la Banque Mondiale,Países no clasificados por el Banco Mundial,,,,Micronesia,Micronésie,Micronesia,??????????,??????,??????????
854,233,BF,BFA,Burkina Faso,Burkina Faso,Burkina Faso,??????? ????,?????,???????-????,Burkina Faso,le Burkina Faso,Burkina Faso,??????? ????,?????,???????-????,Africa,Afrique,África,???????,??,??????,Low-income countries,Pays à faible revenu,Países de bajos ingresos,????? ????? ???????,?????(???LIC),?????? ? ?????? ??????? ??????,Western Africa,Afrique occidentale,África occidental,??? ???????,??,???????? ??????
858,234,UY,URY,Uruguay,Uruguay,Uruguay,????????,???,???????,the Eastern Republic of Uruguay,la République orientale de l'Uruguay,la República Oriental del Uruguay,???????? ???????? ????????,????????,????????? ?????????? ???????,Americas,Amériques,Américas,??????????,??,???????? ? ????? ???????,High-income countries,Pays à revenu élevé,Países de ingresos altos,,?????,?????? ? ??????? ??????? ??????,South America,Amérique du Sud,América del Sur,?????? ????????,???,????? ???????
860,235,UZ,UZB,Uzbekistan,Ouzbékistan,Uzbekistán,?????????,??????,??????????,the Republic of Uzbekistan,la République d'Ouzbékistan,la República de Uzbekistán,???????? ?????????,?????????,?????????? ??????????,Asia,Asie,Asia,????,??,????,Lower-middle income countries,Pays à revenu intermédiaire de la tranche inférieure,Países de ingresos medianos bajos,,,,Central Asia,Asie centrale,Asia central,???? ??????,??,??????????? ????
862,236,VE,VEN,Venezuela (Boliv Rep of),Venezuela (Rép boliv du),Venezuela (Rep Boliv de),??????? (?????????? - ????????????),????,????????? (?????????????? ??????????),the Bolivarian Republic of Venezuela,la République bolivarienne du Venezuela,la República Bolivariana de Venezuela,???????? ??????? ????????????,???????????,?????????????? ?????????? ?????????,Americas,Amériques,Américas,??????????,??,???????? ? ????? ???????,Upper-middle income countries,Pays à revenu intermédiaire de la tranche supérieure,Países de ingresos medianos altos,??? ?? ??????? ?????? ?? ??????? ???????? ?????,???????,?????? ? ??????? ?????? ???? ????????,South America,Amérique du Sud,América del Sur,?????? ????????,???,????? ???????
704,237,VN,VNM,Viet Nam,Viet Nam,Viet Nam,???? ???,??,???????,the Socialist Republic of Viet Nam,la République socialiste du Viet Nam,la República Socialista de Viet Nam,???????? ??? ???? ??????????,?????????,???????????????? ?????????? ???????,Asia,Asie,Asia,????,??,????,Lower-middle income countries,Pays à revenu intermédiaire de la tranche inférieure,Países de ingresos medianos bajos,,,,South-Eastern Asia,Asie du Sud-Est,Asia sudoriental,???? ???? ????,???,???-????????? ????
231,238,ET,ETH,Ethiopia,Éthiopie,Etiopía,???????,?????,???????,the Federal Democratic Republic of Ethiopia,la République fédérale démocratique d'Éthiopie,la República Democrática Federal de Etiopía,???????? ??????? ???????????? ??????????,????????????,???????????? ??????????????? ?????????? ???????,Africa,Afrique,África,???????,??,??????,Low-income countries,Pays à faible revenu,Países de bajos ingresos,????? ????? ???????,?????(???LIC),?????? ? ?????? ??????? ??????,Eastern Africa,Afrique orientale,África oriental,??? ???????,??,????????? ??????
092,239,VG,VGB,British Virgin Islands,Îles Vierges britanniq.,Islas Vírgenes Britán.,??? ?????? ???????????,???????,?????????? ?????????? ???????,the British Virgin Islands,les Îles Vierges britanniques,las Islas Vírgenes Británicas,??? ?????? ???????????,???????,?????????? ?????????? ???????,Americas,Amériques,Américas,??????????,??,???????? ? ????? ???????,High-income countries,Pays à revenu élevé,Países de ingresos altos,,?????,?????? ? ??????? ??????? ??????,Caribbean,Caraïbes,Caribe,????? ????? ????????,???,????????? ???????
850,240,VI,VIR,US Virgin Islands,Îles Vierges américaines,Islas Vírgenes (EE.UU.),??? ?????? ??????? ???????? ???????,???????,?????????? ??????? ??????????? ??????,the United States Virgin Islands,les Îles Vierges américaines,las Islas Vírgenes de los Estados Unidos,??? ?????? ??????? ???????? ???????,???????,?????????? ??????? ??????????? ??????,Americas,Amériques,Américas,??????????,??,???????? ? ????? ???????,High-income countries,Pays à revenu élevé,Países de ingresos altos,,?????,?????? ? ??????? ??????? ??????,Caribbean,Caraïbes,Caribe,????? ????? ????????,???,????????? ???????
872,242,WK,WAK,Wake Island,Îles Wake,Isla Wake,????? ???,???,????? ????,Wake Island,Îles Wake,Isla Wake,????? ???,???,????? ????,,,,,,,,,,,,,,,,,,
876,243,WF,WLF,Wallis and Futuna Is.,Îles Wallis-et-Futuna,Islas Wallis y Futuna,??? ????? ???????,?????????,??????? ?????? ? ??????,the Wallis and Futuna Islands,les Îles Wallis-et-Futuna,las Islas Wallis y Futuna,??? ????? ???????,?????????,??????? ?????? ? ??????,Oceania,Océanie,Oceanía,??????????,???,???????,Countries not classified by World Bank,Pays pas classé par la Banque Mondiale,Países no clasificados por el Banco Mundial,,,,Polynesia,Polynésie,Polinesia,?????????,?????,?????????
882,244,WS,WSM,Samoa,Samoa,Samoa,?????,???,?????,the Independent State of Samoa,l'État indépendant du Samoa,el Estado Independiente de Samoa,???? ????? ????????,??????,??????????? ??????????? ?????,Oceania,Océanie,Oceanía,??????????,???,???????,Lower-middle income countries,Pays à revenu intermédiaire de la tranche inférieure,Países de ingresos medianos bajos,,,,Polynesia,Polynésie,Polinesia,?????????,?????,?????????
402,245,,,West Bank,Cisjordanie,Ribera Occidental,????? ????????,??,???????? ?????,West Bank,Cisjordanie,Ribera Occidental,????? ????????,??,???????? ?????,Asia,Asie,Asia,????,??,????,,,,,,,Western Asia,Asie occidentale,Asia occidental,???? ????,??,???????? ????
886,246,,,Yemen Arab Republic,"Yemen, Rep. Arabe","Yemen, Republica Araba",,,,,,,,,,Asia,Asie,Asia,????,??,????,,,,,,,Western Asia,Asie occidentale,Asia occidental,???? ????,??,???????? ????
720,247,,,"Yemen, Democratic",Yemen Democratique,Yemen Democratico,,,,,,,,,,Asia,Asie,Asia,????,??,????,,,,,,,Western Asia,Asie occidentale,Asia occidental,???? ????,??,???????? ????
890,248,YU,YUG,Yugoslavia SFR,RFS de Yougoslavie,RFS de Yugoslavia,??????? ?????,????,??????,Socialist Federal Republic of Yugoslavia,République socialiste fédérative de Yougoslavie,RFS de Yugoslavia,??????? ?????,????,??????,Europe,Europe,Europa,??????,??,??????,Countries not classified by World Bank,Pays pas classé par la Banque Mondiale,Países no clasificados por el Banco Mundial,,,,Southern Europe,Europe méridionale,Europa meridional,?????? ????????,??,????? ??????
887,249,YE,YEM,Yemen,Yémen,Yemen,?????,??,?????,the Republic of Yemen,la République du Yémen,la República del Yemen,?????????? ????????,?????,????????? ??????????,Asia,Asie,Asia,????,??,????,Low-income countries,Pays à faible revenu,Países de bajos ingresos,????? ????? ???????,?????(???LIC),?????? ? ?????? ??????? ??????,Western Asia,Asie occidentale,Asia occidental,???? ????,??,???????? ????
180,250,CD,COD,"Congo, Dem. Rep. of the",Rép. dém. du Congo,Rep. Dem. del Congo,???????? ??????? ???????????,???????,??????????????? ?????????? ?????,the Democratic Republic of the Congo,la République démocratique du Congo,la República Democrática del Congo,???????? ??????? ???????????,???????,??????????????? ?????????? ?????,Africa,Afrique,África,???????,??,??????,Low-income countries,Pays à faible revenu,Países de bajos ingresos,????? ????? ???????,?????(???LIC),?????? ? ?????? ??????? ??????,Middle Africa,Afrique centrale,África central,??? ???????,??,??????????? ??????
894,251,ZM,ZMB,Zambia,Zambie,Zambia,??????,???,??????,the Republic of Zambia,la République de Zambie,la República de Zambia,???????? ??????,??????,?????????? ??????,Africa,Afrique,África,???????,??,??????,Low-income countries,Pays à faible revenu,Países de bajos ingresos,????? ????? ???????,?????(???LIC),?????? ? ?????? ??????? ??????,Eastern Africa,Afrique orientale,África oriental,??? ???????,??,????????? ??????
896,252,,,Other nei,Autres nca,Otros nep,,,,Other nei,Autres nca,Otros nep,,,,,,,,,,Countries not classified by World Bank,Pays pas classé par la Banque Mondiale,Países no clasificados por el Banco Mundial,,,,,,,,,
056,255,BE,BEL,Belgium,Belgique,Bélgica,??????,???,???????,the Kingdom of Belgium,le Royaume de Belgique,el Reino de Bélgica,????? ??????,?????,??????????? ???????,Europe,Europe,Europa,??????,??,??????,High-income countries,Pays à revenu élevé,Países de ingresos altos,,?????,?????? ? ??????? ??????? ??????,Western Europe,Europe occidentale,Europa occidental,?????? ???????,??,???????? ??????
442,256,LU,LUX,Luxembourg,Luxembourg,Luxemburgo,???????,???,??????????,the Grand Duchy of Luxembourg,le Grand-Duché de Luxembourg,el Gran Ducado de Luxemburgo,????? ??????? ??????,??????,??????? ?????????? ??????????,Europe,Europe,Europa,??????,??,??????,High-income countries,Pays à revenu élevé,Países de ingresos altos,,?????,?????? ? ??????? ??????? ??????,Western Europe,Europe occidentale,Europa occidental,?????? ???????,??,???????? ??????
660,258,AI,AIA,Anguilla,Anguilla,Anguila,???????,???,???????,Anguilla,Anguilla,Anguila,???????,???,???????,Americas,Amériques,Américas,??????????,??,???????? ? ????? ???????,Countries not classified by World Bank,Pays pas classé par la Banque Mondiale,Países no clasificados por el Banco Mundial,,,,Caribbean,Caraïbes,Caribe,????? ????? ????????,???,????????? ???????
830,259,,,Channel Islands,Îles Anglo-Normandes,Islas Anglonormandas,??? ?????,????,??????????? ???????,the Channel Islands,les Îles Anglo-Normandes,las Islas Anglonormandas,??? ?????,????,??????????? ???????,Europe,Europe,Europa,??????,??,??????,High-income countries,Pays à revenu élevé,Países de ingresos altos,,?????,?????? ? ??????? ??????? ??????,Northern Europe,Europe septentrionale,Europa del Norte,?????? ????????,??,???????? ??????
744,260,SJ,SJM,Svalbard and Jan Mayen,Îles Svalbard/Jan Mayen,Islas Svalbard/Jan Mayen,??? ???????? ???? ?????,??????????,??????? ????????? ? ??-?????,Svalbard and Jan Mayen Islands,les Îles Svalbard-et-Jan Mayen,las Islas Svalbard y Jan Mayen,??? ???????? ???? ?????,??????????,??????? ????????? ? ??-?????,Europe,Europe,Europa,??????,??,??????,Countries not classified by World Bank,Pays pas classé par la Banque Mondiale,Países no clasificados por el Banco Mundial,,,,Northern Europe,Europe septentrionale,Europa del Norte,?????? ????????,??,???????? ??????
833,264,IM,IMN,Isle of Man,Île de Man,Isla de Man,????? ???,???,?????? ???,Isle of Man,l'Île de Man,la Isla de Man,????? ???,???,?????? ???,Europe,Europe,Europa,??????,??,??????,High-income countries,Pays à revenu élevé,Países de ingresos altos,,?????,?????? ? ??????? ??????? ??????,Northern Europe,Europe septentrionale,Europa del Norte,?????? ????????,??,???????? ??????
175,270,YT,MYT,Mayotte,Mayotte,Mayotte,?????,???,???????,Mayotte,Mayotte,Mayotte,?????,???,???????,Africa,Afrique,África,???????,??,??????,Countries not classified by World Bank,Pays pas classé par la Banque Mondiale,Países no clasificados por el Banco Mundial,,,,Eastern Africa,Afrique orientale,África oriental,??? ???????,??,????????? ??????
239,271,GS,SGS,SouthGeorgia/Sandwich Is,Géorgie Sud-Îles Sand.S.,Georgia S.-Is.Sandw.Sur,??? ???? ?????? ?????????,????????????,?????? ????? ??????? ? ????? ?????????? ???????,South Georgia and the South Sandwich Islands,Géorgie du Sud-et-Îles Sandwich du Sud,Georgia del Sur y las Islas Sandwich del Sur,??? ???? ?????? ?????????,????????????,?????? ????? ??????? ? ????? ?????????? ???????,Americas,Amériques,Américas,??????????,??,???????? ? ????? ???????,Countries not classified by World Bank,Pays pas classé par la Banque Mondiale,Países no clasificados por el Banco Mundial,,,,South America,Amérique du Sud,América del Sur,?????? ????????,???,????? ???????
688,272,RS,SRB,Serbia,Serbie,Serbia,?????,????,??????,the Republic of Serbia,la République de Serbie,la República de Serbia,???????? ?????,???????,?????????? ??????,Europe,Europe,Europa,??????,??,??????,Upper-middle income countries,Pays à revenu intermédiaire de la tranche supérieure,Países de ingresos medianos altos,??? ?? ??????? ?????? ?? ??????? ???????? ?????,???????,?????? ? ??????? ?????? ???? ????????,Southern Europe,Europe méridionale,Europa meridional,?????? ????????,??,????? ??????
499,273,ME,MNE,Montenegro,Monténégro,Montenegro,????? ??????,??,??????????,Montenegro,le Monténégro,Montenegro,????? ??????,??,??????????,Europe,Europe,Europa,??????,??,??????,Upper-middle income countries,Pays à revenu intermédiaire de la tranche supérieure,Países de ingresos medianos altos,??? ?? ??????? ?????? ?? ??????? ???????? ?????,???????,?????? ? ??????? ?????? ???? ????????,Southern Europe,Europe méridionale,Europa meridional,?????? ????????,??,????? ??????
836,276,,EAZ,"United Republic of Tanzania, Zanzibar","République-Unie de Tanzanie, Zanzibar","República Unida de Tanzanía, Zanzibar",???????? ??????? ???????? ??????,?????????????,"???????????? ?????????? ????????, ????????","the United Republic of Tanzania, Zanzibar","la République-Unie de Tanzanie, Zanzibar","la República Unida de Tanzanía, Zanzibar",???????? ??????? ???????? ??????,?????????????,"???????????? ?????????? ????????, ????????",Africa,Afrique,África,???????,??,??????,Lower-middle income countries,Pays à revenu intermédiaire de la tranche inférieure,Países de ingresos medianos bajos,,,,Eastern Africa,Afrique orientale,África oriental,??? ???????,??,????????? ??????
532,278,AN,ANT,Netherlands Antilles,Antilles néerlandaises,Antillas Neerlandesas,?? ??? ??????? ?????????,???????/???????,(??/ ??????) ??????????? ?????????? ????????,Netherlands Antilles,les Antilles néerlandaises,Antillas Neerlandesas,?? ??? ??????? ?????????,???????/???????,(??/ ??????) ??????????? ?????????? ????????,,,,,,,,,,,,,,,,,,
248,282,AX,ALA,Åland Islands,Îles d'Åland,Islas Åland,??? ?????,????,????????? ???????,the Åland Islands,les Îles d'Åland,las Islas Åland,??? ?????,????,????????? ???????,Europe,Europe,Europa,??????,??,??????,Countries not classified by World Bank,Pays pas classé par la Banque Mondiale,Países no clasificados por el Banco Mundial,,,,Northern Europe,Europe septentrionale,Europa del Norte,?????? ????????,??,???????? ??????
535,283,BQ,BES,Bonaire/S.Eustatius/Saba,Bonaire/S.Eustache/Saba,Bonaire/S.Eustaquio/Saba,????? ???? ????????? ?????,?????????????,"???????, ????-???????? ? ????","Bonaire, Saint-Eustache et Saba","Bonaire, Sint Eustatius et Saba","Bonaire, San Eustaquio y Saba",????? ???? ????????? ?????,?????????????,"???????, ????-???????? ? ????",Americas,Amériques,Américas,??????????,??,???????? ? ????? ???????,Countries not classified by World Bank,Pays pas classé par la Banque Mondiale,Países no clasificados por el Banco Mundial,,,,Caribbean,Caraïbes,Caribe,????? ????? ????????,???,????????? ???????
831,284,GG,GGY,Guernsey,Guernesey,Guernesey,??????,??,??????,the Bailiwick of Guernsey,le Bailliage de Guernesey,el Bailiazgo de Guernesey,????? ??????,?????,??????,Europe,Europe,Europa,??????,??,??????,High-income countries,Pays à revenu élevé,Países de ingresos altos,,?????,?????? ? ??????? ??????? ??????,Northern Europe,Europe septentrionale,Europa del Norte,?????? ????????,??,???????? ??????
832,285,JE,JEY,Jersey,Jersey,Jersey,?????,??,??????,Jersey,Jersey,Jersey,?????,?????,??????,Europe,Europe,Europa,??????,??,??????,High-income countries,Pays à revenu élevé,Países de ingresos altos,,?????,?????? ? ??????? ??????? ??????,Northern Europe,Europe septentrionale,Europa del Norte,?????? ????????,??,???????? ??????
531,286,CW,CUW,Curaçao,Curaçao,Curaçao,???????,???,???????,Curaçao,Curaçao,Curaçao,???????,???,???????,Americas,Amériques,Américas,??????????,??,???????? ? ????? ???????,High-income countries,Pays à revenu élevé,Países de ingresos altos,,?????,?????? ? ??????? ??????? ??????,Caribbean,Caraïbes,Caribe,????? ????? ????????,???,????????? ???????
652,287,BL,BLM,Saint Barthélemy,Saint-Barthélemy,San Bartolomé,??? ????????,??????,???-?????????,Saint Barthélemy,Saint-Barthélemy,San Bartolomé,??? ????????,?????,???-?????????,Americas,Amériques,Américas,??????????,??,???????? ? ????? ???????,Countries not classified by World Bank,Pays pas classé par la Banque Mondiale,Países no clasificados por el Banco Mundial,,,,Caribbean,Caraïbes,Caribe,????? ????? ????????,???,????????? ???????
663,288,MF,MAF,Saint-Martin (French),Saint-Martin (française),San Martín (francesa),??? ????? - ????? ???????,???(????),???-?????? (??????????? ?????),Saint-Martin (French part),Saint-Martin (partie française),San Martín (parte francesa),??? ????? - ????? ???????,???(????),???-?????? (??????????? ?????),Americas,Amériques,Américas,??????????,??,???????? ? ????? ???????,High-income countries,Pays à revenu élevé,Países de ingresos altos,,?????,?????? ? ??????? ??????? ??????,Caribbean,Caraïbes,Caribe,????? ????? ????????,???,????????? ???????
534,289,SX,SXM,Sint Maarten,Sint Maarten,Sint Maarten,???? ????? - ????? ????????,???(????),????-?????? (????????????? ?????),Sint Maarten (Dutch Part),Sint Maarten (partie néerlandaise),Sint Maarten (parte de los Países Bajos),???? ????? - ????? ????????,???(????),????-?????? (????????????? ?????),Americas,Amériques,Américas,??????????,??,???????? ? ????? ???????,High-income countries,Pays à revenu élevé,Países de ingresos altos,,?????,?????? ? ??????? ??????? ??????,Caribbean,Caraïbes,Caribe,????? ????? ????????,???,????????? ???????
728,290,SS,SSD,South Sudan,Soudan du Sud,Sudán del Sur,???? ???????,???,????? ?????,the Republic of South Sudan,la République du Soudan du Sud,la República de Sudán del Sur,???????? ???? ???????,??????,?????????? ????? ?????,Africa,Afrique,África,???????,??,??????,Low-income countries,Pays à faible revenu,Países de bajos ingresos,????? ????? ???????,?????(???LIC),?????? ? ?????? ??????? ??????,Eastern Africa,Afrique orientale,África oriental,??? ???????,??,????????? ??????
680,294,,,Sark,Sercq,Sark,????,??,????,Sark,Sercq,Sark,????,??,????,Europe,Europe,Europa,??????,??,??????,High-income countries,Pays à revenu élevé,Países de ingresos altos,,?????,?????? ? ??????? ??????? ??????,Northern Europe,Europe septentrionale,Europa del Norte,?????? ????????,??,???????? ??????
729,298,SD,SDN,Sudan,Soudan,Sudán,???????,??,?????,the Republic of the Sudan,la République du Soudan,la República del Sudán,???????? ???????,?????,?????????? ?????,Africa,Afrique,África,???????,??,??????,Low-income countries,Pays à faible revenu,Países de bajos ingresos,????? ????? ???????,?????(???LIC),?????? ? ?????? ??????? ??????,Northern Africa,Afrique septentrionale,África septentrional,??????? ????????,??,???????? ??????
275,299,PS,PSE,Palestine,Palestine,Palestina,??????,????,?????????,Palestine,Palestine,Palestina,??????,????,?????????,Asia,Asie,Asia,????,??,????,Lower-middle income countries,Pays à revenu intermédiaire de la tranche inférieure,Países de ingresos medianos bajos,,,,Western Asia,Asie occidentale,Asia occidental,???? ????,??,???????? ????
0,380,EU,EUR,European Union,Union européenne,Unión Europea,??????? ????????,????,??????????? ????,European Union,l'Union européenne,Unión Europea,??????? ????????,????,??????????? ????,,,,,,,,,,,,,,,,,,
